match,set_number,reception_number,video_time,team,player_number,player_name,contact_observed,start_x,start_y,start_z,end_x,end_y,end_z,duration_s,average_speed,v0_x,v0_y,v0_z,a_x,a_y,a_z
&svk-hästhagen,1,1,127,Hästhagen,6,Markus Charlton,True,7.1508,-9.1446,2.8531,7.0929,5.3325,1.4604,1.05,14.12,0.2376,15.9561,3.2231,-0.5577,-4.1301,-8.6656
&svk-hästhagen,1,2,150,Hästhagen,6,Markus Charlton,True,6.6294,-8.8166,2.9873,5.2119,5.9763,1.6651,1.1167,13.619,-0.9245,15.5424,3.164,-0.6177,-4.1104,-7.7875
&svk-hästhagen,1,3,179,Sollentuna VK,17,Johan Nilsson,True,7.5491,-8.1973,2.8296,5.2253,5.4355,1.0866,1.0667,13.372,-2.705,14.6714,3.0771,0.9871,-3.5448,-8.8335
&svk-hästhagen,1,4,210,Sollentuna VK,17,Johan Nilsson,True,7.9633,-9.078,2.7224,8.0873,5.4132,1.0152,1.0,14.95,0.6271,15.8963,3.8031,-1.0063,-2.8101,-11.0206
&svk-hästhagen,1,5,243,Hästhagen,5,Kalle Blomstedt,True,7.7692,-8.7359,2.8229,6.5802,5.2518,2.1008,0.9667,14.788,-0.9318,16.4952,3.786,-0.6169,-4.19,-9.3786
&svk-hästhagen,1,6,265,Hästhagen,5,Kalle Blomstedt,False,7.943,-9.7812,2.7524,6.4584,6.3546,1.6594,1.1,14.972,-2.2334,17.0289,3.0955,1.6068,-4.2908,-7.4346
&svk-hästhagen,1,7,295,Hästhagen,5,Kalle Blomstedt,True,7.7902,-8.9648,2.9179,6.7581,6.8133,1.361,0.9667,16.711,-1.5558,18.0771,3.4665,1.01,-3.6309,-10.5043
&svk-hästhagen,1,8,321,Hästhagen,5,Kalle Blomstedt,False,8.1138,-9.4572,2.8435,6.2294,6.5682,1.0539,0.9833,16.739,-1.683,17.9793,2.7953,-0.4747,-3.4217,-9.3868
&svk-hästhagen,1,9,351,Sollentuna VK,14,Kai Wendler,True,3.0773,-9.0295,2.643,7.1808,5.8239,1.5848,1.1333,13.923,3.6828,15.4519,3.8108,-0.1095,-4.14,-8.3727
&svk-hästhagen,1,10,401,Hästhagen,34,Hannes Engström,True,3.1465,-9.3579,2.8327,5.7214,5.9053,1.7393,0.9833,16.066,1.9083,17.1193,3.9464,1.4444,-3.249,-10.2884
&svk-hästhagen,1,11,448,Sollentuna VK,18,Diego Zagai Roel,True,1.8278,-9.2896,2.7358,3.7238,5.6733,1.2353,1.15,13.531,2.1997,15.3855,3.7726,-0.9584,-4.1293,-8.8302
&svk-hästhagen,1,12,477,Sollentuna VK,18,Diego Zagai Roel,True,1.6262,-8.3883,2.7603,5.8797,4.8311,2.2677,0.9833,14.371,3.8793,15.7329,3.8127,0.9078,-4.6565,-8.7736
&svk-hästhagen,1,13,564,Sollentuna VK,18,Diego Zagai Roel,True,1.729,-9.2464,2.6906,6.2966,5.7826,1.2848,1.05,15.326,4.5339,16.3707,3.7738,-0.3503,-3.9188,-9.7383
&svk-hästhagen,1,14,591,Sollentuna VK,18,Diego Zagai Roel,True,1.784,-8.9721,2.67,6.9064,6.4391,1.6811,1.05,15.708,5.9465,16.9123,3.3545,-2.0342,-4.2571,-8.1834
&svk-hästhagen,1,15,620,Hästhagen,10,Alexander Beckman,True,6.8515,-9.3497,3.0045,6.8571,5.7625,0.4198,0.8,19.462,-0.0974,23.2457,1.9401,0.2609,-10.8886,-12.9274
&svk-hästhagen,1,16,658,Hästhagen,10,Alexander Beckman,True,6.8511,-9.3322,2.9101,7.2994,6.0477,1.1832,0.7167,21.928,0.962,24.8991,3.7327,-0.9391,-9.5969,-17.1415
&svk-hästhagen,1,17,710,Sollentuna VK,8,Peter Blomgren,True,8.4315,-9.1299,2.8574,2.9507,4.5409,0.63,1.1333,13.44,-5.4541,14.0318,2.6482,1.0907,-3.4754,-8.1415
&svk-hästhagen,1,18,742,Sollentuna VK,8,Peter Blomgren,True,8.1435,-9.0752,2.9155,7.195,4.9616,1.276,1.0333,14.018,-1.2126,15.037,3.3741,0.5704,-2.8121,-9.6014
&svk-hästhagen,1,19,776,Hästhagen,17,Neo Broady,True,7.7322,-9.2611,2.8249,6.6905,4.586,0.1666,1.1667,12.686,-0.0892,14.2426,3.8655,-1.3778,-4.069,-10.5328
&svk-hästhagen,1,20,806,Hästhagen,17,Neo Broady,False,8.029,-9.7274,2.9993,4.9524,5.815,1.5216,0.9167,17.565,-3.4549,18.2814,2.9301,0.2152,-2.8933,-9.9101
&svk-hästhagen,1,21,913,Hästhagen,17,Neo Broady,False,7.8956,-9.4638,3.0867,6.3536,5.5442,1.7996,1.0,15.367,-2.1456,16.7339,3.1045,1.2072,-3.4518,-8.7831
&svk-hästhagen,1,22,936,Hästhagen,17,Neo Broady,False,7.7057,-9.4621,2.8286,6.2872,2.2319,1.3656,1.2333,10.179,-1.6376,11.0099,4.447,0.7904,-2.4782,-9.1348
&svk-hästhagen,1,23,988,Hästhagen,15,Holger Mjönes,True,0.7404,-9.0368,2.9527,4.6627,4.8489,0.9242,1.2,12.629,4.1196,13.8678,4.0545,-1.4185,-3.8274,-9.5749
&svk-hästhagen,1,24,1035,Sollentuna VK,15,Simon Meyer,True,7.0344,-8.169,2.6484,5.2659,5.4645,1.4903,1.0833,13.062,-2.6691,14.4847,3.751,1.9139,-3.5076,-8.8984
&svk-hästhagen,1,25,1055,Sollentuna VK,15,Simon Meyer,True,6.9494,-8.3419,2.8024,5.6738,5.1968,1.3684,1.1333,12.475,-1.6603,13.93,4.0498,0.9437,-3.5013,-9.3795
&svk-hästhagen,1,26,1131,Sollentuna VK,15,Simon Meyer,True,6.6837,-8.2494,2.9137,6.3645,4.5215,0.8869,1.1,12.207,0.0612,13.8791,3.5559,-0.6389,-4.1257,-9.8154
&svk-hästhagen,1,28,1192,Sollentuna VK,15,Simon Meyer,True,6.9997,-7.9316,2.8468,5.1854,5.076,1.1291,0.9667,14.015,-0.9462,15.4297,2.996,-1.9254,-4.0832,-9.875
&svk-hästhagen,1,29,1219,Sollentuna VK,15,Simon Meyer,True,7.0875,-8.1774,2.8176,5.0997,5.6635,1.1663,0.9333,15.298,-2.568,16.3303,2.4824,0.9392,-3.216,-9.1108
&svk-hästhagen,1,30,1253,Sollentuna VK,15,Simon Meyer,True,7.2193,-8.242,2.7781,5.6522,6.4781,1.6873,0.9667,15.534,-2.095,16.6448,2.8369,0.9803,-2.932,-8.2039
&svk-hästhagen,1,31,1290,Sollentuna VK,15,Simon Meyer,True,7.1656,-9.0424,2.7532,4.2572,5.3385,1.3071,1.0833,13.899,-3.8076,14.992,3.3426,2.073,-3.1704,-8.6353
&svk-hästhagen,1,32,1326,Hästhagen,6,Markus Charlton,True,5.9512,-9.6026,2.9201,3.2914,4.4137,0.6599,1.05,14.091,-2.1681,15.3697,2.857,-0.6954,-3.8493,-9.5421
&svk-hästhagen,1,33,1348,Hästhagen,6,Markus Charlton,True,6.4753,-9.0175,2.8799,4.1821,5.8305,1.319,1.1,14.073,-1.8575,15.8344,3.684,-0.4131,-4.2478,-9.2783
&svk-hästhagen,1,34,1381,Sollentuna VK,17,Johan Nilsson,True,7.9209,-8.8572,2.8031,6.6695,6.0776,0.7057,0.9667,15.88,-2.0118,16.6782,2.2815,1.4841,-2.5414,-9.2093
&svk-hästhagen,1,35,1420,Sollentuna VK,17,Johan Nilsson,True,7.8066,-8.8381,2.7967,6.5178,5.6089,0.7174,0.9667,15.48,-2.2662,16.3968,3.0902,1.9304,-3.0034,-10.8439
&svk-hästhagen,1,36,1460,Sollentuna VK,17,Johan Nilsson,False,7.6813,-9.5293,2.7849,7.0345,5.8417,1.5215,1.0333,15.211,0.4953,16.4673,3.4987,-2.1702,-3.0815,-9.138
&svk-hästhagen,1,37,1491,Sollentuna VK,17,Johan Nilsson,True,7.6653,-8.6446,2.7741,2.1237,5.96,1.6712,1.15,13.89,-4.5356,14.1327,3.6585,-0.4926,-2.4922,-8.0306
&svk-hästhagen,1,38,1523,Hästhagen,5,Kalle Blomstedt,False,7.7556,-9.7417,2.7948,7.8231,5.4215,1.9908,0.9167,16.712,1.1402,18.2389,2.7216,-2.3271,-3.7029,-7.8518
&svk-hästhagen,2,39,1842,Sollentuna VK,17,Johan Nilsson,True,3.0305,-8.9875,2.9094,4.7532,5.1576,1.2714,1.0,14.632,2.0245,16.0743,3.1871,-0.6036,-3.8584,-9.6504
&svk-hästhagen,2,40,1766,Hästhagen,6,Markus Charlton,True,6.3575,-8.5596,2.9998,5.0502,2.7638,1.2052,0.95,12.477,-1.676,14.6256,2.6753,0.6312,-5.6973,-9.609
&svk-hästhagen,2,41,1793,Sollentuna VK,14,Kai Wendler,True,2.9018,-8.8287,2.9832,4.5092,5.3553,0.7006,0.95,15.558,1.5017,16.9036,2.971,0.4007,-4.1539,-11.313
&svk-hästhagen,2,42,1842,Sollentuna VK,14,Kai Wendler,True,3.0305,-8.9875,2.9094,4.7532,5.1576,1.2714,1.0,14.632,2.0245,16.0743,3.1871,-0.6036,-3.8584,-9.6504
&svk-hästhagen,2,43,1872,Hästhagen,5,Kalle Blomstedt,True,7.5575,-8.421,2.8215,1.6751,5.3598,1.3942,1.0333,14.9,-6.3299,14.9717,3.9259,1.2334,-3.1653,-10.2718
&svk-hästhagen,2,44,1909,Hästhagen,5,Kalle Blomstedt,True,7.5698,-9.4036,2.726,4.278,5.3573,0.9394,0.9667,16.046,-3.8096,16.3263,3.3523,0.8363,-2.1855,-10.7597
&svk-hästhagen,2,45,1929,Hästhagen,5,Kalle Blomstedt,True,7.3189,-8.452,2.9392,3.0777,5.8779,1.3568,0.8667,17.528,-4.3407,17.9545,2.4182,-1.2761,-3.2772,-9.7941
&svk-hästhagen,2,46,1953,Sollentuna VK,18,Diego Zagai Roel,True,1.3916,-9.0093,2.8646,8.3013,5.331,1.8205,1.35,12.292,5.9079,13.7113,4.8251,-1.1699,-4.5761,-8.2941
&svk-hästhagen,2,47,1990,Hästhagen,34,Hannes Engström,True,3.1402,-8.6941,2.9629,4.7832,5.3965,1.347,1.1667,12.625,1.5381,14.4515,3.7555,-0.2225,-4.0695,-8.8124
&svk-hästhagen,2,48,2029,Sollentuna VK,8,Peter Blomgren,False,8.3622,-9.4134,3.0563,5.5189,5.802,1.4587,1.0667,14.896,-2.2859,16.2901,3.5017,-0.7119,-3.7981,-9.3739
&svk-hästhagen,2,49,2058,Sollentuna VK,8,Peter Blomgren,False,7.919,-9.7579,2.8963,6.9076,5.6909,1.339,1.1,14.487,-0.8852,15.9871,3.8434,-0.0624,-3.5323,-9.5621
&svk-hästhagen,2,50,2129,Sollentuna VK,8,Peter Blomgren,False,8.5601,-9.4673,2.8431,3.5612,5.4678,1.3143,1.0333,15.546,-4.7003,16.41,2.9482,-0.266,-3.787,-8.5696
&svk-hästhagen,2,51,2196,Sollentuna VK,7,Kestutis Blyza,True,7.284,-9.3212,2.5401,7.2155,5.9651,1.6103,1.05,14.846,-0.0096,16.3581,3.8094,-0.1059,-3.428,-8.9427
&svk-hästhagen,2,52,2230,Sollentuna VK,7,Kestutis Blyza,True,7.0813,-8.0479,2.6964,7.3404,5.6758,1.2355,0.9833,14.338,0.8405,15.9662,3.3655,-1.1737,-4.0879,-9.8668
&svk-hästhagen,2,53,2298,Sollentuna VK,7,Kestutis Blyza,True,6.8101,-8.406,2.7373,7.1183,5.9415,1.5655,0.9333,15.578,0.8751,17.0978,2.3315,-1.1676,-3.6974,-7.6864
&svk-hästhagen,2,54,2324,Sollentuna VK,7,Kestutis Blyza,True,6.9183,-8.485,2.6224,7.3801,5.9898,1.0893,1.0167,14.673,0.9061,16.5633,3.776,-0.8887,-4.5753,-10.3949
&svk-hästhagen,2,55,2405,Sollentuna VK,15,Simon Meyer,True,6.1643,-8.4868,2.8362,3.3418,5.663,1.4236,1.05,14.053,-3.9181,15.6634,2.8984,2.3427,-4.1663,-8.0834
&svk-hästhagen,2,56,2436,Sollentuna VK,15,Simon Meyer,True,6.1083,-8.2169,3.0712,1.7136,4.421,1.2771,0.95,14.422,-4.7402,15.0124,2.1749,0.2403,-3.5987,-8.5547
&svk-hästhagen,2,57,2464,Hästhagen,15,Holger Mjönes,True,1.2416,-8.9023,2.8085,3.3192,5.322,1.4403,1.0333,14.257,1.661,16.0637,3.3279,0.6764,-4.4481,-9.0037
&svk-hästhagen,2,58,2496,Hästhagen,15,Holger Mjönes,True,1.1741,-8.7313,2.724,5.0188,4.996,1.1666,1.0,14.64,2.6872,16.5307,2.9569,2.3148,-5.6067,-9.0286
&svk-hästhagen,2,59,2528,Hästhagen,15,Holger Mjönes,True,1.2825,-8.7271,2.8519,1.8177,5.7225,1.7294,1.0333,14.328,1.0839,16.1365,3.7291,-1.0955,-4.1671,-9.3202
&svk-hästhagen,2,60,2564,Sollentuna VK,17,Johan Nilsson,False,7.7483,-9.8042,2.7764,7.2699,4.656,0.5238,1.0333,14.588,-0.8882,15.8074,3.6273,0.8229,-3.5105,-11.2399
&svk-hästhagen,2,61,2590,Sollentuna VK,17,Johan Nilsson,False,7.6879,-9.6478,2.7964,7.0843,5.2642,1.8695,0.9833,15.434,0.1794,16.9683,3.4514,-1.6134,-3.6682,-8.937
&svk-hästhagen,2,62,2617,Hästhagen,6,Markus Charlton,True,6.4717,-9.052,2.8144,2.5715,5.124,0.8514,1.2,12.786,-3.519,13.6746,3.8507,0.4481,-3.1021,-9.1441
&svk-hästhagen,2,63,2646,Sollentuna VK,14,Kai Wendler,True,3.2269,-8.9431,3.1377,6.3702,5.237,1.1994,0.8667,17.041,4.8251,17.6097,1.1846,-2.7651,-2.8804,-7.8947
&svk-hästhagen,2,64,2687,Sollentuna VK,14,Kai Wendler,True,3.2181,-8.8227,2.9792,6.6809,5.3977,1.7843,0.8833,16.77,4.4101,18.2329,2.2981,-1.1094,-4.8324,-8.266
&svk-hästhagen,2,65,2719,Hästhagen,5,Kalle Blomstedt,True,7.6621,-8.9536,2.9063,1.6372,5.0463,0.8676,0.9667,16.095,-8.1971,18.4254,1.5184,4.0644,-8.1575,-7.505
&svk-hästhagen,2,66,2745,Sollentuna VK,18,Diego Zagai Roel,True,1.6907,-8.6978,3.0134,5.0253,4.8831,0.7139,1.2667,11.755,3.8166,12.7941,4.1407,-1.8695,-3.2721,-9.4042
&svk-hästhagen,2,67,2776,Sollentuna VK,18,Diego Zagai Roel,True,1.8761,-8.6633,2.9222,6.8554,4.7484,0.6459,1.1667,12.912,4.7988,13.2796,4.0019,-0.9101,-3.0582,-10.2051
&svk-hästhagen,2,68,2805,Sollentuna VK,18,Diego Zagai Roel,True,2.1244,-9.099,2.9139,7.6321,4.2666,1.3694,1.0667,13.906,5.9246,14.8945,3.08,-1.4272,-4.4329,-8.4899
&svk-hästhagen,2,69,2840,Sollentuna VK,18,Diego Zagai Roel,False,1.1852,-9.1396,2.778,6.4728,4.5378,0.7932,1.1833,12.928,5.6298,13.6629,3.7383,-1.963,-3.5569,-9.1532
&svk-hästhagen,2,71,2890,Hästhagen,34,Hannes Engström,True,3.4297,-9.0147,2.8766,4.8044,5.9366,1.2896,1.2,13.017,0.8958,14.4683,4.2873,0.4162,-3.348,-9.3497
&svk-hästhagen,2,72,2926,Sollentuna VK,8,Peter Blomgren,False,8.1726,-9.4485,2.8847,8.3732,6.5923,1.3678,1.0333,15.876,0.5044,17.0671,3.5735,-0.6005,-2.988,-9.7577
&svk-hästhagen,3,73,3210,Hästhagen,6,Markus Charlton,True,6.4133,-8.8707,3.0209,6.3201,5.2323,1.0912,1.0833,13.502,0.0588,14.9074,3.4054,-0.2672,-3.4879,-9.5753
&svk-hästhagen,3,74,3254,Sollentuna VK,17,Johan Nilsson,True,7.4941,-8.7409,2.8719,5.0174,5.9959,0.9231,1.0833,14.214,-2.4025,15.4779,3.0674,0.2149,-3.461,-8.984
&svk-hästhagen,3,75,3287,Hästhagen,5,Kalle Blomstedt,False,8.2016,-9.38,2.9323,5.5159,6.0454,1.2252,0.9333,17.12,-2.43,18.2218,2.9812,-0.9591,-3.6312,-10.3076
&svk-hästhagen,3,76,3325,Sollentuna VK,19,Axel Wendt,True,6.966,-8.7168,2.6932,8.6527,5.3626,1.433,1.05,13.838,1.1393,14.9139,3.4545,0.8898,-2.8665,-8.8661
&svk-hästhagen,3,77,3369,Hästhagen,34,Hannes Engström,True,3.3866,-9.7772,2.8529,7.4607,4.3278,1.0751,1.1667,13.06,3.6456,14.854,3.5939,-0.2632,-4.7383,-8.7733
&svk-hästhagen,3,78,3399,Sollentuna VK,18,Diego Zagai Roel,True,1.7663,-8.4946,2.8026,5.4231,5.072,1.6344,1.0167,14.128,4.4746,15.3283,3.3454,-1.7267,-3.9031,-8.8415
&svk-hästhagen,3,79,3429,Hästhagen,10,Alexander Beckman,False,6.8877,-9.8879,3.1793,5.4657,6.6196,0.5958,0.9,19.054,-1.6407,21.4776,3.6386,0.135,-6.9687,-14.4647
&svk-hästhagen,3,80,3455,Hästhagen,10,Alexander Beckman,True,6.7661,-9.4208,3.0484,3.5996,6.0409,0.6515,0.75,21.63,-3.9515,25.1188,2.7548,-0.7211,-12.0086,-15.8685
&svk-hästhagen,3,81,3486,Sollentuna VK,8,Peter Blomgren,True,8.2013,-8.7947,2.8522,4.5938,5.3262,1.7866,0.9833,15.146,-4.6135,15.5922,3.8677,1.9217,-2.5057,-10.0706
&svk-hästhagen,3,82,3520,Hästhagen,17,Neo Broady,False,8.0748,-9.6858,2.9755,7.2237,5.2,0.8696,1.0333,14.836,-0.461,16.2047,2.5732,-0.7019,-3.4822,-8.9248
&svk-hästhagen,3,83,3548,Sollentuna VK,7,Kestutis Blyza,True,7.1547,-8.3486,2.5646,1.9987,4.9247,1.5642,1.0667,13.686,-4.9368,14.1901,3.8995,0.1933,-3.2745,-9.0701
&svk-hästhagen,3,84,3573,Sollentuna VK,7,Kestutis Blyza,True,7.5089,-8.5103,2.6222,2.588,5.8994,1.3489,1.0333,15.059,-5.0373,15.1129,3.6318,0.5324,-2.2606,-9.4143
&svk-hästhagen,3,85,3598,Sollentuna VK,7,Kestutis Blyza,True,6.3119,-8.2777,2.6373,3.4892,5.5048,0.7278,0.9333,15.516,-3.281,16.4303,3.089,0.55,-3.5642,-11.0033
&svk-hästhagen,3,86,3701,Hästhagen,15,Holger Mjönes,True,0.9036,-8.8815,2.9472,3.8461,5.663,1.2744,1.1333,13.56,2.7217,14.86,3.888,-0.2211,-3.5764,-9.4657
&svk-hästhagen,3,87,3734,Sollentuna VK,15,Simon Meyer,True,6.9439,-8.5167,2.8553,5.6844,5.5709,0.9922,1.05,13.964,-1.5695,15.2507,3.6281,0.7045,-3.493,-10.2904
&svk-hästhagen,3,88,3775,Hästhagen,6,Markus Charlton,True,5.6107,-9.055,3.2842,3.4883,5.085,0.8753,1.15,12.928,-1.8145,14.6546,2.5185,-0.0539,-4.1026,-8.0229
&svk-hästhagen,3,89,3815,Hästhagen,6,Markus Charlton,True,6.952,-8.8296,2.9655,5.1007,5.4544,0.9837,1.1167,13.415,-2.2106,14.6096,3.6314,0.99,-3.256,-9.6826
&svk-hästhagen,3,90,3840,Hästhagen,6,Markus Charlton,True,6.1389,-8.4069,3.1162,3.9865,5.6926,0.9334,1.1,13.518,-2.0249,14.953,3.4296,0.124,-3.8823,-9.8436
&svk-hästhagen,3,91,3883,Hästhagen,6,Markus Charlton,True,6.8851,-8.7723,3.0582,4.8326,5.0485,0.7136,1.0167,14.273,-2.2354,15.5862,2.7896,0.426,-3.9186,-10.0243
&svk-hästhagen,3,92,3954,Hästhagen,6,Markus Charlton,True,6.5431,-8.8044,3.0314,5.4462,5.2255,0.7497,1.05,13.873,-1.6339,15.3073,2.4936,1.1223,-3.7058,-8.8889
&svk-hästhagen,3,93,3992,Sollentuna VK,17,Johan Nilsson,True,7.7968,-8.5599,2.7244,7.0036,5.82,2.013,1.0,14.713,-0.6478,16.0916,4.2769,-0.2909,-3.4235,-9.9767
&svk-hästhagen,3,94,4024,Sollentuna VK,17,Johan Nilsson,True,7.5297,-9.1901,2.7731,7.2208,6.1788,1.9836,1.0667,14.739,-0.9393,16.6399,4.3114,1.2181,-4.1841,-9.4716
&svk-hästhagen,3,95,4050,Sollentuna VK,17,Johan Nilsson,True,7.8786,-8.7067,2.7724,7.3408,5.7042,0.8048,0.9333,15.827,-1.2037,16.6664,2.4236,1.3445,-2.6274,-9.7108
&svk-hästhagen,3,96,4138,Sollentuna VK,17,Johan Nilsson,True,7.8865,-8.5763,2.9121,6.6476,5.4506,1.2169,1.0333,14.062,-1.5205,15.7745,3.4308,0.6222,-4.2583,-9.8154
&svk-hästhagen,3,97,4169,Hästhagen,5,Kalle Blomstedt,False,8.4093,-9.2766,2.8667,4.7076,5.6036,0.6229,0.95,16.595,-4.392,17.3131,2.737,1.043,-3.4732,-10.7345
&svk-hästhagen,3,98,4220,Sollentuna VK,19,Axel Wendt,True,7.0133,-8.214,2.7702,6.3906,6.1862,0.7033,0.9667,15.413,-0.0552,16.6322,3.3126,-1.2186,-3.5904,-11.2774
&svk-hästhagen,3,99,4286,Sollentuna VK,18,Diego Zagai Roel,True,2.229,-8.4695,2.8199,4.8586,5.6614,1.0262,0.8333,17.579,2.0607,18.481,2.0674,2.6277,-3.6574,-10.1278
&svk-hästhagen,3,100,4334,Hästhagen,10,Alexander Beckman,True,6.8747,-9.7734,2.9206,2.3517,5.0429,0.8679,0.75,21.189,-6.1503,23.1851,3.491,0.3189,-9.1467,-16.6079
&svk-hästhagen,3,101,4361,Sollentuna VK,8,Peter Blomgren,True,7.9395,-8.4619,3.0221,6.4022,5.1327,0.9252,1.0333,13.742,-1.9794,14.8879,3.0918,0.9519,-3.3519,-9.9118
&svk-hästhagen,3,102,4386,Sollentuna VK,8,Peter Blomgren,True,8.1808,-8.6821,2.9627,7.7723,6.2763,0.9427,1.0167,15.232,-0.3463,16.6232,3.6806,-0.1092,-3.7576,-11.1491
&svk-hästhagen,3,103,4427,Hästhagen,17,Neo Broady,False,8.0685,-9.6239,2.729,6.2417,3.6026,1.9045,1.2,11.572,-1.0707,13.0057,4.546,-0.7527,-3.306,-8.7217
&svk-hästhagen,3,104,4460,Sollentuna VK,7,Kestutis Blyza,True,6.4333,-8.6446,2.5366,2.9113,4.8672,0.7816,1.0167,14.131,-3.9425,14.5745,3.0762,0.9409,-2.5262,-9.4475
&svk-hästhagen,3,105,4496,Hästhagen,15,Holger Mjönes,True,0.497,-9.9164,2.7171,4.5,5.2361,0.581,1.15,14.129,4.6668,15.0504,3.4808,-2.0625,-3.2596,-9.2839
&svk-hästhagen,3,106,4523,Hästhagen,15,Holger Mjönes,True,0.9018,-8.5292,2.8105,2.8278,5.6159,0.8856,1.1,13.455,3.2118,15.3047,3.1796,-2.656,-4.4463,-8.9627
&svk-hästhagen,3,107,4550,Sollentuna VK,15,Simon Meyer,False,7.2594,-9.075,2.6175,5.7275,5.2941,0.9468,1.1,13.598,-1.3804,14.9427,3.7991,-0.0223,-3.418,-9.669
&svk-hästhagen,3,108,4577,Hästhagen,6,Markus Charlton,True,6.5882,-9.0683,2.8932,5.8791,5.2698,1.3861,1.05,14.004,-1.931,16.1876,2.791,2.3917,-4.8234,-8.0503
&svk-hästhagen,3,109,4605,Sollentuna VK,17,Johan Nilsson,False,7.8632,-9.0,2.6034,7.1042,5.9321,2.2602,1.0405,14.637,-0.2795,16.1307,4.3931,-0.8647,-3.4218,-9.078
&svk-hästhagen,3,110,4650,Hästhagen,5,Kalle Blomstedt,False,8.253,-9.4385,2.8723,5.5566,5.8115,0.9385,0.9167,17.231,-2.7338,18.3337,2.2931,-0.4532,-3.7032,-9.6057
&svk-hästhagen,3,111,4676,Sollentuna VK,19,Axel Wendt,True,7.1394,-7.8152,2.8015,8.4602,5.6696,1.1851,0.9167,15.207,1.9515,16.1753,3.4891,-1.1142,-3.1956,-11.46
&svk-hästhagen,3,112,4708,Hästhagen,34,Hannes Engström,True,3.325,-9.4231,2.8197,4.7151,9.0859,0.0514,1.45,13.514,2.514,15.8987,4.2922,-2.1452,-4.3226,-8.5535
&svk-hästhagen,3,113,4731,Hästhagen,34,Hannes Engström,True,2.4016,-9.3421,2.7891,4.9055,5.3991,0.6068,1.0167,15.176,2.9974,16.7013,2.8919,-1.0516,-4.3313,-9.9116
&svk-hästhagen,3,114,4758,Sollentuna VK,18,Diego Zagai Roel,False,1.9639,-9.0,2.5871,6.5201,4.4034,1.2756,1.2194,12.229,4.0156,13.3177,5.1324,-0.4576,-3.8143,-10.1823
&svk-hästhagen,3,115,4784,Hästhagen,10,Alexander Beckman,True,6.4376,-9.1957,2.9039,6.457,5.2484,1.3255,1.2167,12.513,-0.1441,14.2152,4.9831,0.2632,-3.852,-10.3239
&svk-randaberg,1,2,0,Randaberg,11,Göran Rönneberg,True,7.1402,-8.8434,2.8556,5.7266,6.6536,0.7051,0.85,18.921,-1.5896,21.4514,4.1107,-0.1727,-7.5754,-15.6252
&svk-randaberg,1,3,24,Sollentuna VK,16,Christian Hansson,False,7.4,-9.0087,2.9704,7.331,6.3096,1.1701,1.1833,13.502,0.0439,15.6171,4.3114,-0.1727,-4.5161,-9.8581
&svk-randaberg,1,4,60,Randaberg,99,Henrik Kaldheim,True,6.6593,-8.6091,3.1937,5.0976,6.8557,1.0013,0.6833,23.24,-1.7087,26.9303,2.2522,-1.6879,-12.5822,-15.9823
&svk-randaberg,1,5,85,Randaberg,99,Henrik Kaldheim,True,6.9505,-8.4027,3.0981,3.5795,6.4508,0.6402,0.7167,21.847,-4.0599,24.5097,2.3491,-1.7966,-10.5596,-16.1266
&svk-randaberg,1,6,108,Sollentuna VK,9,Jakob Molin,True,6.4351,-9.5057,3.1074,3.6829,4.5261,1.3175,0.8167,17.778,-4.6086,19.2264,1.2047,3.033,-5.0071,-8.318
&svk-randaberg,1,7,128,Sollentuna VK,9,Jakob Molin,True,6.282,-9.4458,3.068,2.302,4.5638,1.9852,0.95,15.551,-3.9056,17.3962,2.6151,-0.5976,-5.5773,-7.9049
&svk-randaberg,1,8,156,Sollentuna VK,9,Jakob Molin,True,6.4082,-9.1314,3.0008,6.862,3.8139,1.5655,0.8167,16.183,0.7716,17.6282,2.7317,-0.5289,-4.3513,-10.994
&svk-randaberg,1,9,182,Sollentuna VK,9,Jakob Molin,True,6.5784,-9.0796,2.9864,2.7218,4.3587,1.5603,0.8833,16.169,-3.9637,17.4411,3.1017,-0.9108,-5.0445,-10.6783
&svk-randaberg,1,10,223,Sollentuna VK,15,Simon Meyer,True,7.2853,-8.6521,2.9082,4.277,5.4019,1.4778,1.0667,13.884,-3.2621,15.4544,3.7667,0.8283,-4.2728,-9.577
&svk-randaberg,1,11,246,Randaberg,12,Simen Ödegĺrd,True,2.6042,-8.7954,2.9047,4.8438,4.6796,0.8029,1.0833,13.078,2.2115,15.2802,2.648,-0.2663,-5.2463,-8.4704
&svk-randaberg,1,12,274,Sollentuna VK,8,Peter Blomgren,False,8.7468,-9.4987,2.8527,5.1833,4.2107,1.3524,0.8667,16.664,-5.1794,16.9545,2.86,2.4639,-2.6213,-10.5949
&svk-randaberg,1,13,298,Randaberg,1,Albert Espeland,True,7.7108,-9.2831,2.8038,4.7424,5.5009,2.4376,1.0333,14.791,-2.9248,16.7958,3.6823,0.101,-4.8168,-7.8129
&svk-randaberg,1,14,322,Randaberg,1,Albert Espeland,True,7.2635,-8.7967,2.8712,3.3331,5.3983,0.9055,0.9833,15.328,-4.9971,15.8239,2.2354,2.034,-2.8236,-8.6123
&svk-randaberg,1,15,349,Randaberg,1,Albert Espeland,True,7.6019,-8.179,2.9541,7.2815,5.0423,0.5525,1.0167,13.599,-0.2404,15.2548,2.8473,-0.147,-4.4266,-10.2483
&svk-randaberg,1,16,380,Randaberg,1,Albert Espeland,True,6.8449,-9.1254,2.7265,6.2999,5.8954,1.5493,1.1167,13.785,-0.5242,15.8762,3.5759,0.0646,-4.3428,-8.2927
&svk-randaberg,1,17,402,Sollentuna VK,19,Axel Wendt,True,7.5214,-8.462,2.8378,8.2219,4.0128,1.6204,0.85,14.942,1.1728,16.789,2.2917,-0.8204,-4.9713,-8.7619
&svk-randaberg,1,18,425,Sollentuna VK,19,Axel Wendt,True,7.6993,-8.3656,2.9144,7.2878,4.0301,1.9692,0.8167,15.378,-0.8374,16.9218,2.3867,0.8167,-4.2696,-8.6792
&svk-randaberg,1,19,450,Randaberg,14,Rune Berg,True,1.5503,-8.1436,2.7657,2.66,6.2775,1.844,0.8667,16.897,0.8518,18.1253,3.0187,0.989,-3.4284,-9.4204
&svk-randaberg,1,20,479,Sollentuna VK,2,Shawn Ogbeide,True,1.4618,-9.3414,3.0856,5.9981,3.7375,1.1603,0.95,14.974,5.0913,15.8918,2.5453,-0.6656,-4.4728,-9.6251
&svk-randaberg,1,21,504,Randaberg,11,Göran Rönneberg,True,7.3041,-8.5978,2.8555,2.7342,5.8115,0.7733,0.8,19.479,-5.4702,21.2826,3.7777,-0.6056,-8.1776,-15.9509
&svk-randaberg,1,22,533,Sollentuna VK,16,Christian Hansson,True,7.4552,-8.927,3.26,7.8504,3.8075,0.7104,1.1167,12.028,0.6686,13.7915,2.6316,-0.5638,-4.2761,-8.8026
&svk-randaberg,1,23,606,Randaberg,8,Lars Maaseide,True,1.7122,-8.799,2.6881,5.8723,4.8577,1.0778,1.1,13.375,3.9333,14.4581,3.3177,-0.2753,-3.7143,-8.6939
&svk-randaberg,1,24,629,Randaberg,8,Lars Maaseide,True,2.167,-8.6099,2.7554,6.527,5.6875,0.8521,1.2,12.981,4.1769,14.4948,3.8252,-0.906,-4.3006,-9.0186
&svk-randaberg,1,25,649,Sollentuna VK,15,Simon Meyer,True,7.034,-7.9924,2.8874,4.868,4.2167,1.9074,0.9,14.024,-2.9949,15.4646,2.8775,1.3073,-4.2198,-8.8143
&svk-randaberg,1,26,672,Randaberg,12,Simen Ödegĺrd,True,2.1945,-9.6149,2.7404,4.34,5.6909,1.0201,1.0833,14.672,0.8495,16.7738,3.2075,2.0879,-4.8838,-8.853
&svk-randaberg,1,27,702,Sollentuna VK,8,Peter Blomgren,False,8.7562,-9.1239,2.8,1.9388,4.3557,1.5051,1.1,14.116,-7.2618,14.7021,3.8779,1.9348,-4.4507,-9.1912
&svk-randaberg,1,28,726,Randaberg,1,Albert Espeland,True,6.347,-8.3988,2.8345,5.8973,4.5807,0.0995,1.0833,12.7,0.2029,14.655,2.818,-1.141,-4.9363,-9.8632
&svk-randaberg,1,29,773,Randaberg,14,Rune Berg,True,1.446,-8.188,2.7237,1.5953,6.1423,1.1195,1.0,14.647,-0.0021,16.8049,2.5752,0.3028,-4.9493,-8.3588
&svk-randaberg,1,30,823,Randaberg,11,Göran Rönneberg,True,7.5646,-8.6675,2.9704,4.0372,6.4916,1.2817,0.8,19.959,-3.9893,22.2744,4.2821,-1.05,-8.3138,-15.9825
&svk-randaberg,1,31,891,Randaberg,11,Göran Rönneberg,True,7.4589,-8.9222,2.9134,2.2152,5.0417,0.4078,0.8,19.321,-6.781,20.2797,3.3774,0.5659,-7.062,-16.2737
&svk-randaberg,1,32,918,Sollentuna VK,16,Christian Hansson,True,7.3593,-8.2814,3.2149,5.4355,5.5769,0.6829,1.0167,14.234,-1.7873,16.2394,1.6814,-0.2065,-5.131,-8.207
&svk-randaberg,1,33,944,Sollentuna VK,16,Christian Hansson,False,7.3208,-9.4621,2.9589,4.9409,5.1617,1.0162,1.0667,14.33,-2.1086,16.3237,3.0813,-0.2298,-4.9009,-9.1923
&svk-randaberg,1,34,982,Sollentuna VK,16,Christian Hansson,True,7.7045,-8.9016,3.0891,6.7958,4.9031,2.1274,0.9167,15.313,-0.8595,17.1528,2.9002,-0.2875,-4.5667,-8.6167
&svk-randaberg,1,35,1055,Sollentuna VK,16,Christian Hansson,True,7.2685,-9.2145,3.0273,5.5904,5.1118,0.9615,1.0667,14.056,-1.3983,15.7297,3.5289,-0.3281,-4.3102,-10.2479
&svk-randaberg,1,38,1137,Randaberg,99,Henrik Kaldheim,True,6.4039,-8.0963,3.0754,7.3308,6.3705,1.0412,0.6333,23.341,1.3143,26.3122,1.9668,0.4711,-10.9576,-16.354
&svk-randaberg,1,39,1170,Sollentuna VK,9,Jakob Molin,False,6.5133,-10.1982,3.0422,5.6676,4.409,2.0868,0.9,16.471,-2.0077,17.5773,2.9401,2.3734,-2.9937,-8.8925
&svk-randaberg,1,40,1197,Randaberg,8,Lars Maaseide,True,2.0525,-8.3814,2.8433,7.1928,4.5404,1.0123,1.1833,12.265,5.1893,13.044,3.669,-1.4288,-3.5902,-8.8163
&svk-randaberg,1,41,1226,Sollentuna VK,15,Simon Meyer,True,7.0953,-8.382,2.9489,3.2584,4.1731,0.7971,1.1,12.561,-3.7571,13.9529,3.5894,0.4891,-4.6167,-10.0828
&svk-randaberg,1,42,1248,Randaberg,12,Simen Ödegĺrd,True,2.4491,-8.8559,2.8436,5.0096,5.188,1.5843,1.0333,14.114,3.2283,15.5482,3.1357,-1.4525,-3.7882,-8.4278
&svk-randaberg,1,43,1280,Sollentuna VK,8,Peter Blomgren,False,8.6986,-9.1991,3.0169,3.3452,5.248,1.4676,1.1,14.397,-4.7818,15.8083,3.4912,-0.1543,-4.8628,-8.9086
&svk-randaberg,1,44,1311,Sollentuna VK,8,Peter Blomgren,False,8.5963,-9.2281,2.9727,5.3116,4.2626,2.0164,0.8667,16.241,-4.1973,17.0925,3.0004,0.9398,-3.5221,-9.4703
&svk-randaberg,1,45,1335,Randaberg,1,Albert Espeland,True,6.6473,-7.916,2.8767,3.8659,5.3168,1.4677,0.9667,14.394,-3.1359,15.3177,3.722,0.5349,-3.3694,-10.7163
&svk-randaberg,1,46,1359,Sollentuna VK,19,Axel Wendt,True,7.4877,-7.9828,2.962,6.5905,3.8235,1.7687,0.8167,14.754,-1.1142,16.7753,2.315,0.0382,-5.6785,-9.2476
&svk-randaberg,1,47,1408,Sollentuna VK,19,Axel Wendt,True,7.1991,-8.3975,2.8367,7.4552,3.9399,1.7403,0.8333,15.085,0.6861,15.8904,3.033,-0.9091,-2.6053,-10.4369
&svk-randaberg,2,48,1618,Sollentuna VK,16,Christian Hansson,True,7.6118,-8.8446,3.0176,8.0758,5.9242,1.3002,1.0667,14.181,0.4945,16.4445,2.5568,-0.1115,-4.8726,-7.8129
&svk-randaberg,2,49,1651,Randaberg,99,Henrik Kaldheim,True,7.0064,-8.1105,3.1308,5.0985,6.942,1.0837,0.6833,22.649,-2.4449,25.4859,2.2759,-1.0161,-10.1202,-15.4294
&svk-randaberg,2,51,1704,Sollentuna VK,9,Jakob Molin,True,6.6748,-9.7426,3.0387,4.4953,5.377,1.4463,0.9,17.187,-2.4443,18.8941,1.5497,0.0501,-4.6543,-7.3756
&svk-randaberg,2,52,1747,Randaberg,8,Lars Maaseide,True,2.0523,-8.445,2.8236,6.3235,4.3901,1.2076,1.05,13.327,4.6673,14.356,3.5173,-1.1419,-4.0613,-9.6311
&svk-randaberg,2,53,1788,Sollentuna VK,15,Simon Meyer,True,6.3479,-8.2173,2.8022,3.0869,5.1138,0.9381,0.95,14.829,-4.1091,16.187,2.4696,1.4241,-4.5353,-9.3302
&svk-randaberg,2,54,1823,Randaberg,12,Simen Ödegĺrd,True,2.1511,-9.2501,2.7858,3.3126,5.4687,1.914,1.1333,13.259,1.5106,15.5473,3.1096,-0.8571,-4.518,-6.8451
&svk-randaberg,2,55,1850,Randaberg,12,Simen Ödegĺrd,True,2.0657,-8.3569,2.8948,6.3057,3.2018,1.2495,0.9167,13.821,4.9309,14.6981,2.6692,-0.6665,-4.5569,-9.7398
&svk-randaberg,2,56,1897,Randaberg,7,Richards Pilkausis,True,7.3692,-8.6221,2.8805,5.4692,5.0499,1.2714,0.9667,14.562,-2.3739,16.4489,2.1017,0.8451,-4.77,-7.7922
&svk-randaberg,2,57,1921,Sollentuna VK,19,Axel Wendt,True,6.8165,-8.2854,2.9757,4.2153,5.055,1.4033,0.9333,14.937,-3.0009,16.6166,3.0343,0.4583,-4.9786,-10.1124
&svk-randaberg,2,58,1943,Sollentuna VK,19,Axel Wendt,True,6.9622,-9.2177,2.7535,1.9749,5.2161,2.1514,1.05,14.794,-5.5157,15.9186,3.9149,1.4589,-4.1375,-8.5491
&svk-randaberg,2,59,1967,Sollentuna VK,19,Axel Wendt,True,6.9198,-8.6314,2.8507,2.8771,4.933,2.0364,0.95,15.13,-5.0541,16.1046,3.3397,1.6813,-3.8449,-8.8356
&svk-randaberg,2,60,2034,Sollentuna VK,19,Axel Wendt,True,6.7393,-8.1991,2.859,4.5694,5.2972,1.1262,0.8833,15.821,-2.2781,17.3795,2.3669,-0.4041,-4.7563,-9.8005
&svk-randaberg,2,61,2062,Sollentuna VK,19,Axel Wendt,True,6.5257,-8.346,2.8152,4.7802,5.7648,1.4467,0.95,15.267,-1.768,17.0992,2.9358,-0.1461,-4.728,-9.2132
&svk-randaberg,2,62,2111,Randaberg,14,Rune Berg,True,1.8128,-8.059,2.7686,2.6362,5.8189,1.1053,1.0833,13.247,0.5651,15.2615,3.224,0.3599,-4.525,-8.7865
&svk-randaberg,2,63,2140,Sollentuna VK,2,Shawn Ogbeide,True,1.4722,-9.0788,3.2036,0.3004,4.7722,0.8168,1.0667,13.583,-1.4281,15.7742,2.7455,0.6178,-5.2293,-9.3435
&svk-randaberg,2,64,2168,Randaberg,11,Göran Rönneberg,True,7.2407,-9.4349,2.9036,4.9691,6.4416,0.6657,0.9167,18.138,-2.5085,20.4454,4.3124,0.0663,-6.8195,-14.7354
&svk-randaberg,2,65,2197,Sollentuna VK,16,Christian Hansson,True,7.631,-8.8889,3.0612,6.7169,5.2603,1.0566,1.0167,14.351,-1.0955,16.4155,2.4799,0.3862,-4.9146,-8.7571
&svk-randaberg,2,66,2225,Sollentuna VK,16,Christian Hansson,False,7.3164,-9.8885,3.016,6.2391,4.9029,1.1751,1.0667,14.348,-0.8148,16.1306,3.3883,-0.366,-4.2444,-9.5891
&svk-randaberg,2,67,2255,Randaberg,99,Henrik Kaldheim,True,6.347,-8.5066,3.0318,6.598,5.6505,0.9225,0.8667,16.894,0.9754,18.6636,3.4078,-1.5825,-5.3736,-13.4807
&svk-randaberg,2,68,2303,Sollentuna VK,9,Jakob Molin,True,6.6334,-9.6472,3.0314,6.6404,5.6558,1.1568,1.0333,15.237,-0.7542,17.2693,3.2291,1.473,-4.7613,-9.7611
&svk-randaberg,2,69,2337,Sollentuna VK,9,Jakob Molin,True,6.6236,-9.4695,2.9845,6.2135,4.045,1.8159,0.8833,15.521,0.0484,17.4199,2.2847,-1.1605,-4.8011,-8.1682
&svk-randaberg,2,70,2366,Sollentuna VK,9,Jakob Molin,True,6.3293,-9.7107,2.9063,4.741,4.6934,1.2996,0.9167,16.086,-3.2077,17.8352,1.99,3.2181,-4.6292,-8.1661
&svk-randaberg,2,71,2393,Randaberg,8,Lars Maaseide,True,2.1471,-8.9172,2.7431,3.1805,4.1511,0.7834,1.0833,12.518,0.1508,15.0707,2.2373,1.4828,-5.5526,-7.47
&svk-randaberg,2,72,2419,Sollentuna VK,15,Simon Meyer,True,6.5636,-9.0833,2.9539,1.6063,4.644,1.7321,1.0333,14.446,-5.6441,14.9667,3.5166,1.6388,-3.2558,-9.095
&svk-randaberg,2,73,2441,Randaberg,12,Simen Ödegĺrd,True,3.0912,-8.51,2.8933,5.263,5.4339,1.7147,1.0167,14.175,2.8307,15.9216,3.2007,-1.3662,-4.3402,-8.5771
&svk-randaberg,2,74,2467,Sollentuna VK,8,Peter Blomgren,False,8.6176,-9.4326,2.8402,4.7411,4.1533,0.9431,0.9333,15.573,-5.5591,16.088,2.9578,3.0121,-3.2822,-10.6939
&svk-randaberg,2,75,2509,Randaberg,7,Richards Pilkausis,True,7.3655,-8.5519,2.8853,6.7087,5.8632,1.5101,1.1,13.502,-0.9774,15.0683,3.6812,0.6913,-3.5704,-8.9663
&svk-randaberg,2,76,2533,Sollentuna VK,19,Axel Wendt,True,7.0726,-8.8027,2.7712,4.6171,5.6695,1.1247,0.9833,15.274,-1.7784,17.2566,2.7343,-1.4618,-5.1643,-8.9671
&svk-randaberg,2,77,2559,Randaberg,14,Rune Berg,True,1.4792,-8.6988,2.728,4.9917,5.9918,0.8647,0.9,17.16,4.3493,18.2349,2.7907,-0.9925,-4.2491,-10.8022
&svk-randaberg,2,78,2626,Sollentuna VK,16,Christian Hansson,False,7.283,-9.6511,3.0904,6.8638,5.2064,1.6862,1.15,13.252,-0.0344,15.5893,3.1196,-0.5742,-4.6431,-7.549
&svk-randaberg,2,79,2694,Randaberg,99,Henrik Kaldheim,True,6.6402,-8.2446,3.1298,5.4517,7.2744,0.8635,0.6333,25.064,-0.56,28.798,1.4788,-4.1577,-13.5608,-15.9701
&svk-randaberg,2,80,2785,Randaberg,99,Henrik Kaldheim,True,6.6684,-7.9808,3.1441,4.922,7.2293,1.3086,0.65,23.953,-1.5531,27.4135,2.2542,-3.488,-12.349,-15.6246
&svk-randaberg,2,81,2812,Sollentuna VK,9,Jakob Molin,True,6.4144,-9.5526,3.3187,3.5002,4.1968,1.2194,0.95,15.096,-5.7294,20.8235,-0.113,5.6038,-13.3695,-4.4144
&svk-randaberg,2,82,2861,Sollentuna VK,9,Jakob Molin,True,6.5634,-9.5996,2.9654,4.5154,5.0775,1.0691,0.8833,17.145,-3.8768,18.685,2.3014,3.5283,-4.6855,-10.0713
&svk-randaberg,2,83,2885,Randaberg,8,Lars Maaseide,True,1.9049,-8.3401,2.7692,8.3842,4.0479,1.4943,1.1833,12.226,5.6375,13.3085,3.6802,-0.2739,-4.7996,-8.041
&svk-randaberg,2,84,2911,Sollentuna VK,15,Simon Meyer,True,6.4989,-7.8922,2.7467,4.0822,3.7243,2.1585,0.8667,13.928,-3.142,15.1581,3.5175,0.8159,-4.0488,-9.6833
&svk-randaberg,2,85,2934,Randaberg,12,Simen Ödegĺrd,True,2.698,-8.5038,2.9436,5.4433,5.6726,1.6833,0.95,15.426,3.1326,16.9251,2.4422,-0.5113,-4.2158,-7.9344
&svk-randaberg,3,86,3158,Randaberg,2,Christoffer Förland,True,7.54,-7.8128,2.7139,5.4067,7.1689,1.4646,1.0167,15.325,-1.8073,16.2679,4.6214,-0.5726,-3.0134,-11.5086
&svk-randaberg,3,87,3184,Randaberg,2,Christoffer Förland,True,7.3804,-8.8223,2.8315,6.0972,3.2668,1.5319,1.05,12.181,-1.0098,12.8666,4.8928,-0.4044,-2.5775,-11.6773
&svk-randaberg,3,88,3211,Sollentuna VK,16,Christian Hansson,True,7.3104,-8.6593,3.0679,4.1813,4.384,1.5716,0.6,22.674,-3.9667,24.7633,1.7766,-4.1617,-10.0818,-14.2351
&svk-randaberg,3,89,3245,Randaberg,99,Henrik Kaldheim,True,6.4473,-8.0872,2.9992,7.1032,6.3002,1.0235,0.6,24.466,1.3913,27.9106,2.0949,-0.9942,-13.105,-17.9594
&svk-randaberg,3,90,3270,Sollentuna VK,9,Jakob Molin,True,6.5948,-9.8796,3.0285,4.7031,4.9252,1.616,0.8833,17.096,-2.4428,18.2492,1.8348,0.6819,-3.3714,-7.775
&svk-randaberg,3,91,3296,Randaberg,8,Lars Maaseide,True,2.0505,-8.8147,2.7224,5.9862,5.1545,0.8943,1.05,14.23,3.826,15.6155,3.0091,-0.148,-4.4029,-9.0478
&svk-randaberg,3,92,3322,Sollentuna VK,15,Simon Meyer,True,6.4033,-8.5964,2.4777,3.1164,4.5746,1.8716,1.0333,13.465,-4.3236,15.011,4.2734,2.2117,-4.3838,-9.4063
&svk-randaberg,3,93,3342,Sollentuna VK,15,Simon Meyer,True,6.2,-8.2895,2.8957,1.8089,4.0319,0.8699,0.9667,13.928,-5.5714,15.5419,1.8936,2.1288,-5.784,-8.2537
&svk-randaberg,3,94,3364,Sollentuna VK,15,Simon Meyer,True,6.2698,-8.6957,2.9182,3.1675,4.676,2.1326,0.95,14.731,-3.7591,16.282,3.8021,1.039,-4.6453,-9.7454
&svk-randaberg,3,95,3391,Sollentuna VK,15,Simon Meyer,True,6.0483,-8.7053,2.944,4.123,3.6196,1.5832,0.9333,13.747,-2.6528,15.0736,3.322,1.2644,-4.0036,-10.2427
&svk-randaberg,3,96,3421,Sollentuna VK,15,Simon Meyer,True,6.2829,-7.4871,2.8205,3.3369,4.5376,1.4651,0.8667,14.684,-3.7017,16.2965,3.4249,0.6978,-5.5889,-11.5125
&svk-randaberg,3,97,3443,Randaberg,12,Simen Ödegĺrd,True,2.5163,-8.766,2.7319,3.7571,5.1479,1.0718,1.0333,13.922,1.3479,16.3473,3.1176,-0.2848,-5.5785,-9.1434
&svk-randaberg,3,98,3469,Sollentuna VK,8,Peter Blomgren,True,2.3629,-9.2161,2.8821,6.477,5.7603,1.8066,1.0667,14.876,4.7877,16.7054,3.7639,-1.7452,-4.997,-8.9478
&svk-randaberg,3,99,3511,Randaberg,1,Albert Espeland,True,7.0319,-7.8291,2.904,2.0465,5.1977,0.9453,1.0667,13.665,-4.939,14.8342,3.9334,0.4973,-4.9153,-10.8183
&svk-randaberg,3,100,3538,Sollentuna VK,19,Axel Wendt,True,6.9533,-8.8639,2.8227,5.7446,4.8411,0.9482,1.0167,13.986,-1.7271,15.8388,3.0897,1.0588,-4.6398,-9.7051
&svk-randaberg,3,102,3588,Randaberg,14,Rune Berg,True,1.6775,-8.0972,2.8143,6.6252,4.8255,1.6983,0.8167,17.108,5.4991,17.5703,1.6749,1.3698,-4.2773,-7.4481
&svk-randaberg,3,103,3621,Sollentuna VK,2,Shawn Ogbeide,True,1.4851,-9.726,3.0961,3.3874,4.627,1.2181,1.0667,14.02,2.22,15.2626,3.3162,-0.8185,-3.3875,-9.519
&svk-randaberg,3,104,3645,Randaberg,2,Christoffer Förland,True,7.7191,-9.4171,2.5119,3.5934,4.6414,1.329,1.2167,12.475,-3.241,13.8675,4.1983,-0.2467,-3.8016,-8.4995
&svk-randaberg,3,105,3676,Sollentuna VK,16,Christian Hansson,True,7.792,-8.2116,3.0855,6.5702,4.296,0.9899,0.9167,14.203,-1.3213,16.0971,2.4347,-0.0252,-5.3508,-10.3
&svk-randaberg,3,106,3708,Sollentuna VK,16,Christian Hansson,False,7.6803,-9.8742,3.0862,3.1493,3.7273,1.2249,1.1667,12.854,-3.9188,13.2864,4.1851,0.0601,-2.7907,-9.9094
&svk-randaberg,3,107,3763,Sollentuna VK,9,Jakob Molin,False,6.6268,-9.0,2.955,4.1931,5.1912,1.4184,0.8501,17.202,-3.7612,18.3282,2.1399,2.1135,-3.8456,-9.2871
&svk-randaberg,3,108,3813,Sollentuna VK,15,Simon Meyer,True,6.6934,-8.2468,2.8455,3.9916,3.5379,1.1296,0.85,14.651,-3.054,15.8916,2.7048,-0.293,-4.7699,-11.1141
&svk-randaberg,3,109,3838,Randaberg,12,Simen Ödegĺrd,True,2.4146,-9.3462,2.6998,3.2702,4.8962,1.2484,1.05,14.005,1.4996,15.6083,3.7693,-1.3043,-3.8936,-9.8125
&svk-randaberg,3,110,3887,Sollentuna VK,8,Peter Blomgren,True,2.2359,-10.177,2.794,2.0992,4.9456,1.2377,0.9667,15.977,0.034,17.7818,3.0609,-0.363,-4.4226,-9.6638
&svk-randaberg,3,111,3914,Sollentuna VK,8,Peter Blomgren,True,2.1301,-9.8118,2.8306,6.7606,3.815,1.8957,1.0,14.699,5.6564,15.5807,3.8373,-2.0518,-3.908,-9.5444
&svk-randaberg,3,113,3991,Sollentuna VK,8,Peter Blomgren,True,2.2308,-9.6377,2.8893,5.6128,4.5404,1.9865,1.0167,14.547,3.797,16.6252,2.9089,-0.9256,-5.2713,-7.4692
&svk-randaberg,3,114,4036,Sollentuna VK,8,Peter Blomgren,True,1.8787,-9.3709,3.179,3.0373,5.0843,1.1867,0.8833,16.711,1.6151,18.5247,1.2137,-0.6874,-4.8912,-7.8546
&svk-randaberg,3,115,4068,Sollentuna VK,8,Peter Blomgren,True,2.4985,-8.9614,2.8969,6.4288,3.8933,1.9794,0.8333,16.379,5.4387,17.5752,3.2837,-1.7339,-5.159,-10.5234
&svk-randaberg,3,116,4104,Randaberg,1,Albert Espeland,True,7.0317,-8.3686,2.9967,1.7868,4.6081,0.8021,1.1167,13.022,-4.9027,14.0387,2.7703,0.3687,-4.3304,-8.4818
&svk-randaberg,3,117,4130,Randaberg,1,Albert Espeland,True,7.3086,-8.4917,2.9215,3.1427,5.7259,1.4547,1.1,13.786,-3.872,15.3257,2.9524,0.1542,-4.3646,-7.7923
&svk-randaberg,3,118,4157,Sollentuna VK,19,Axel Wendt,True,6.883,-8.4606,2.8917,2.5822,5.1313,1.1616,1.0167,14.424,-5.2199,15.5299,3.0983,1.9468,-4.2508,-9.4427
&svk-randaberg,3,120,4261,Randaberg,14,Rune Berg,False,1.6259,-9.0,2.7459,2.6238,6.353,1.5417,0.9205,16.902,0.477,18.2426,2.2239,1.3191,-3.3956,-7.6749
&svk-randaberg,3,121,4284,Randaberg,14,Rune Berg,False,1.2468,-9.0,2.6474,1.6201,6.6944,1.4959,0.9728,16.363,1.0909,18.5794,2.7978,-1.4538,-5.0296,-8.1855
&svk-randaberg,3,122,4314,Sollentuna VK,2,Shawn Ogbeide,True,1.1163,-9.1629,3.1725,1.9405,4.6581,0.8962,0.9167,15.624,0.5688,17.1828,2.6645,0.7206,-4.5934,-11.2313
&svk-randaberg,3,123,4339,Sollentuna VK,2,Shawn Ogbeide,True,1.3311,-9.5128,3.0405,2.2509,5.1568,0.652,1.0167,14.94,0.9886,16.0289,2.5694,-0.165,-3.147,-9.6761
&svk-randaberg,3,124,4365,Randaberg,2,Christoffer Förland,True,7.5432,-8.6712,2.804,4.7253,6.8297,1.1487,0.9,17.944,-2.4613,19.9259,3.8608,-1.4883,-6.006,-12.667
&svk-randaberg,3,125,4387,Randaberg,2,Christoffer Förland,True,7.5916,-8.3431,2.6952,4.516,6.4312,0.7003,0.9667,16.219,-2.9629,17.7306,4.397,-0.4528,-5.0624,-13.3669
&svk-södermalm,1,1,101,Södermalm,3,Niklas Dahlbom,True,1.0055,-8.3627,2.8235,5.9268,5.8099,1.7038,1.2833,12.275,3.9622,13.8361,5.1999,-0.1985,-4.3519,-9.4636
&svk-södermalm,1,2,123,Södermalm,3,Niklas Dahlbom,True,1.6284,-8.065,2.8034,6.881,4.8658,1.3005,1.0167,14.076,5.8396,14.2213,3.1201,-1.324,-2.9557,-9.0458
&svk-södermalm,1,3,147,Sollentuna VK,17,Johan Nilsson,True,7.8521,-8.9476,2.8678,7.4343,5.2685,1.121,1.0833,13.561,-0.2278,15.7232,3.275,-0.2914,-4.8012,-9.023
&svk-södermalm,1,4,177,Södermalm,12,Albin Gustafsson,True,8.3771,-8.3409,2.7135,1.3881,3.0914,0.3978,1.25,11.518,-6.2677,11.6065,4.3839,1.0824,-3.9371,-9.9782
&svk-södermalm,1,5,206,Sollentuna VK,9,Jakob Molin,True,6.4853,-9.7615,2.9997,4.5296,4.933,1.3266,0.9,16.687,-3.1523,18.0689,1.1959,2.1761,-3.8703,-6.7887
&svk-södermalm,1,6,250,Södermalm,1,Hubert Sliwinski,True,7.0587,-8.7,2.7728,3.287,5.5045,1.182,1.0167,14.805,-4.8052,15.6189,3.0482,2.1548,-3.2403,-9.0745
&svk-södermalm,1,7,273,Sollentuna VK,18,Diego Zagai Roel,True,1.6246,-8.6314,2.9718,3.1286,5.6969,1.2992,1.0667,14.082,0.4452,16.3868,4.3675,1.8089,-5.5389,-11.1293
&svk-södermalm,1,8,328,Södermalm,13,Olle Johansson,False,1.4076,-9.1571,2.9293,4.2833,5.5422,0.9067,0.6667,22.965,4.1785,25.5407,2.8506,0.4053,-10.4752,-17.6537
&svk-södermalm,1,9,353,Sollentuna VK,20,Gustaf Lindén,True,7.6492,-8.696,2.8879,6.6552,6.4639,1.5326,1.1667,13.427,-2.4086,16.2854,3.6351,2.6686,-5.6419,-8.2231
&svk-södermalm,1,10,381,Södermalm,10,Grigorij Kan,True,1.4437,-7.7103,2.7065,6.4454,5.3004,1.1094,0.9667,14.83,4.5453,15.1999,3.3775,1.3011,-3.6011,-10.4063
&svk-södermalm,1,11,406,Sollentuna VK,19,Axel Wendt,False,6.9411,-9.0,2.6134,6.8079,5.1026,1.4183,0.8702,16.449,-0.1531,16.2069,2.8947,-0.0,-0.0,-9.81
&svk-södermalm,1,12,449,Sollentuna VK,19,Axel Wendt,True,7.1206,-7.9493,2.5297,6.6624,4.6994,1.5979,0.8833,14.641,-0.5151,17.0387,3.6199,-0.0081,-6.157,-10.5843
&svk-södermalm,1,13,475,Sollentuna VK,19,Axel Wendt,True,7.2216,-8.7325,2.7051,5.1808,5.4712,1.322,0.9333,15.587,-2.4892,16.9478,1.9926,0.6484,-3.7063,-7.4455
&svk-södermalm,1,14,498,Södermalm,9,David Gudeta,False,7.883,-9.7323,2.5307,7.3945,3.2474,0.7426,1.4833,9.651,-0.197,10.7332,5.3848,-0.1785,-2.6735,-8.8858
&svk-södermalm,1,15,529,Sollentuna VK,5,Davyd Berezhnyi,True,6.594,-9.126,2.9854,6.1685,5.9343,1.3011,0.9333,16.374,0.3212,18.4355,1.4331,-1.6652,-4.9272,-6.938
&svk-södermalm,1,16,592,Sollentuna VK,17,Johan Nilsson,True,7.839,-8.7225,2.6733,8.5641,6.2158,1.3696,1.0667,14.371,0.6246,16.8477,3.5544,0.1034,-5.3306,-8.9562
&svk-södermalm,1,17,617,Södermalm,12,Albin Gustafsson,False,8.7452,-9.0,2.1157,1.6756,5.0069,1.3394,1.2753,12.8,-7.0258,13.275,5.2673,2.3246,-3.5937,-9.2152
&svk-södermalm,1,18,645,Sollentuna VK,9,Jakob Molin,True,6.6426,-9.7525,2.6877,3.925,5.7358,1.1226,1.1333,14.283,-3.3291,16.5807,3.6696,1.6433,-5.1435,-8.9127
&svk-södermalm,1,19,690,Sollentuna VK,18,Diego Zagai Roel,True,1.5088,-8.3797,2.5898,4.4646,5.3187,1.1668,0.9833,14.647,2.5366,16.4312,3.5469,0.9543,-5.086,-10.1571
&svk-södermalm,1,20,725,Södermalm,13,Olle Johansson,False,0.6918,-9.0,2.6541,0.4329,6.5618,0.5939,0.697,22.848,0.4497,25.4992,3.2572,-2.3564,-9.1024,-17.8279
&svk-södermalm,1,21,758,Sollentuna VK,20,Gustaf Lindén,True,7.5738,-8.2812,2.6963,4.9534,2.9953,1.4655,0.8333,14.102,-4.1081,16.2468,1.5233,2.3127,-6.5159,-7.201
&svk-södermalm,1,22,783,Sollentuna VK,20,Gustaf Lindén,True,7.8557,-8.3074,2.8059,4.2223,5.0678,0.751,1.0667,13.497,-3.9594,15.3985,3.0642,1.0371,-5.361,-9.3575
&svk-södermalm,1,24,915,Sollentuna VK,19,Axel Wendt,True,7.0372,-8.9089,2.6415,5.9435,5.374,1.0586,0.9667,15.076,-1.0995,16.8816,2.0265,-0.066,-4.3576,-7.5807
&svk-södermalm,1,25,945,Södermalm,9,David Gudeta,False,8.2002,-9.5357,2.4736,2.8302,6.7665,-0.036,1.3,13.744,-5.3354,14.7689,3.4629,1.8533,-3.4287,-8.2974
&svk-södermalm,1,26,968,Södermalm,9,David Gudeta,False,7.9264,-9.0845,2.3675,2.819,5.7299,1.3327,1.0667,14.987,-5.3493,15.6502,3.7725,1.052,-3.3031,-8.8923
&svk-södermalm,1,27,991,Södermalm,9,David Gudeta,False,8.3368,-9.2042,2.4675,2.8709,4.0353,0.5008,1.4,11.117,-4.4907,11.9322,5.4967,0.8379,-3.5362,-9.8592
&svk-södermalm,1,28,1019,Södermalm,9,David Gudeta,False,8.258,-9.2338,2.522,2.0298,5.3023,2.2136,1.15,14.048,-6.2419,14.4379,4.6382,1.4366,-3.1265,-8.5328
&svk-södermalm,1,29,1100,Södermalm,9,David Gudeta,False,8.3398,-9.3353,2.4872,3.7882,5.4886,0.5964,1.0,15.974,-5.3177,16.8149,3.6835,1.5322,-3.9819,-11.1486
&svk-södermalm,1,30,1124,Sollentuna VK,5,Davyd Berezhnyi,True,6.4196,-9.397,2.9325,4.0106,5.9111,1.3201,1.1333,14.158,-2.3837,16.3562,4.1647,0.4555,-5.0278,-9.8602
&svk-södermalm,1,31,1151,Södermalm,3,Niklas Dahlbom,True,1.1025,-8.6335,2.524,4.7028,5.4936,1.5318,1.1833,12.847,4.4288,13.7187,5.1292,-2.3429,-3.0089,-10.086
&svk-södermalm,1,32,1180,Sollentuna VK,17,Johan Nilsson,False,8.2482,-9.4747,2.6297,8.1964,5.0477,0.218,1.1333,13.446,-0.2664,15.4214,3.5485,0.3894,-4.6016,-10.0172
&svk-södermalm,1,33,1206,Södermalm,12,Albin Gustafsson,False,8.8206,-9.0,2.2416,3.4232,5.7711,0.9907,1.1034,14.639,-5.6295,15.4843,4.1557,1.3377,-3.8026,-9.5868
&svk-södermalm,1,34,1237,Södermalm,12,Albin Gustafsson,True,1.6025,-8.3245,2.4891,6.0916,5.2137,1.0948,0.9833,14.774,4.3738,15.5402,2.5755,0.3892,-3.6051,-8.1221
&svk-södermalm,1,35,1263,Södermalm,12,Albin Gustafsson,True,1.5426,-8.9244,2.5291,1.5725,2.8853,0.6145,1.1833,10.614,0.6601,11.7208,3.7745,-1.0731,-2.9421,-9.1139
&svk-södermalm,1,36,1289,Sollentuna VK,9,Jakob Molin,True,6.3461,-9.101,2.8948,5.3683,5.4818,0.8706,1.05,14.469,-1.9539,16.7549,3.6304,1.9479,-5.4599,-10.5869
&svk-södermalm,1,37,1317,Sollentuna VK,9,Jakob Molin,True,6.6331,-9.1104,2.7219,5.8058,5.3982,1.1155,1.05,14.231,-1.5919,16.3914,3.2527,1.5314,-4.9023,-9.1099
&svk-södermalm,1,38,1363,Södermalm,1,Hubert Sliwinski,True,7.0421,-8.3857,2.5002,5.1272,4.4732,0.2964,1.1167,12.344,-1.8039,13.3785,4.076,0.1595,-3.3369,-10.835
&svk-södermalm,1,39,1395,Sollentuna VK,18,Diego Zagai Roel,True,1.3824,-8.7312,2.5728,3.868,5.9187,1.5148,0.95,15.843,2.7437,17.7212,2.6264,-0.2679,-4.8428,-7.8739
&svk-södermalm,1,40,1424,Södermalm,13,Olle Johansson,False,0.3737,-9.0,2.7774,7.0376,6.03,1.3249,0.8764,19.256,7.7464,19.8572,5.0458,-0.3262,-6.1798,-15.2963
&svk-södermalm,1,41,1467,Sollentuna VK,20,Gustaf Lindén,True,7.6302,-8.436,2.7118,5.5852,5.9412,1.4279,0.9333,15.773,-2.6277,17.5183,2.2391,0.9356,-4.5302,-7.7456
&svk-södermalm,2,42,1673,Sollentuna VK,17,Johan Nilsson,True,8.1402,-8.6463,2.6105,6.9822,5.393,1.7355,1.05,13.691,-1.1768,16.1619,3.4714,0.1409,-5.3164,-8.1996
&svk-södermalm,2,44,1749,Södermalm,12,Albin Gustafsson,False,8.4148,-9.0,2.0311,6.5175,4.5009,1.1127,1.015,13.783,-1.3055,15.3802,4.0284,-1.1107,-4.0965,-9.7205
&svk-södermalm,2,45,1778,Sollentuna VK,18,Diego Zagai Roel,True,2.1162,-9.1679,2.4221,3.8088,5.1889,0.5971,1.1333,13.237,2.4971,15.5662,3.4573,-1.7709,-5.1148,-8.9428
&svk-södermalm,2,46,1802,Södermalm,1,Hubert Sliwinski,True,6.931,-9.0044,2.4291,7.7562,4.7893,1.2804,1.0833,13.116,0.5846,14.7163,3.7495,0.3271,-3.6622,-8.8797
&svk-södermalm,2,47,1853,Södermalm,13,Olle Johansson,False,0.7888,-9.1083,2.692,3.9287,5.9072,1.1953,0.95,16.705,3.9372,17.6708,5.1858,-1.3307,-3.9263,-14.2341
&svk-södermalm,2,48,1876,Sollentuna VK,14,Kai Wendler,True,3.2184,-8.8238,2.7156,6.8892,5.3696,1.3457,1.0,14.915,4.5029,16.6014,2.512,-1.6641,-4.816,-7.7639
&svk-södermalm,2,49,1912,Sollentuna VK,14,Kai Wendler,True,3.1989,-8.8194,2.6943,6.5203,5.0038,0.6679,0.9667,15.122,4.0233,16.5284,2.5175,-1.2152,-4.6107,-9.5456
&svk-södermalm,2,50,1962,Södermalm,10,Grigorij Kan,True,0.7538,-7.5256,2.4844,3.828,5.7133,0.9847,0.9667,14.447,2.7885,15.6468,3.3143,0.8104,-4.0373,-10.067
&svk-södermalm,2,51,1981,Södermalm,10,Grigorij Kan,True,0.6283,-7.494,2.5301,1.7512,5.2999,1.361,0.9167,14.264,1.6758,15.4793,2.664,-0.9836,-3.3214,-8.5949
&svk-södermalm,2,52,2007,Sollentuna VK,5,Davyd Berezhnyi,True,6.2075,-9.6233,3.0331,5.0837,5.0472,0.9182,0.9833,15.421,-2.2032,17.2896,2.7656,2.1565,-4.8213,-9.9994
&svk-södermalm,2,53,2034,Södermalm,9,David Gudeta,False,8.0363,-9.3727,2.3968,5.1085,4.8246,0.5061,1.05,14.318,-3.6707,15.8537,3.7076,1.6807,-4.4427,-10.4918
&svk-södermalm,2,54,2061,Södermalm,9,David Gudeta,False,7.9473,-9.7419,2.3504,7.1367,4.7241,1.6912,1.0,14.833,-0.8629,16.8479,4.6136,0.1047,-4.7638,-10.5457
&svk-södermalm,2,55,2085,Sollentuna VK,17,Johan Nilsson,True,8.0425,-9.0909,2.7407,8.5674,5.4058,1.4543,1.0,14.747,0.4838,17.1419,2.4922,0.0823,-5.2905,-7.5572
&svk-södermalm,2,56,2111,Sollentuna VK,17,Johan Nilsson,False,7.9914,-9.521,2.6876,8.7126,4.7276,0.4721,1.0667,13.898,0.2907,15.9509,3.0321,0.7226,-4.8616,-9.5797
&svk-södermalm,2,57,2136,Södermalm,3,Niklas Dahlbom,True,1.2659,-8.2558,2.536,3.4271,5.523,0.4124,1.0833,13.426,2.9569,14.7163,3.4225,-1.776,-3.6874,-9.9375
&svk-södermalm,2,59,2181,Sollentuna VK,9,Jakob Molin,True,6.5348,-9.1404,2.8281,3.5628,5.9102,1.1621,0.9667,16.221,-4.5726,17.6918,2.9146,3.0995,-4.391,-9.5959
&svk-södermalm,2,60,2232,Sollentuna VK,18,Diego Zagai Roel,True,1.5557,-9.5032,2.6718,4.5335,5.104,0.5002,1.0333,14.855,3.4231,16.6129,2.5103,-1.0477,-4.794,-8.9263
&svk-södermalm,2,61,2260,Södermalm,1,Hubert Sliwinski,True,6.9392,-8.5241,2.5471,7.2874,4.9384,1.9298,1.0167,13.443,0.2835,15.5981,3.0994,0.1162,-4.6354,-7.2917
&svk-södermalm,2,62,2289,Södermalm,1,Hubert Sliwinski,True,6.7375,-8.026,2.616,7.0042,4.585,0.651,1.0167,12.855,0.4879,14.407,2.5905,-0.4438,-3.9398,-8.8982
&svk-södermalm,2,63,2319,Sollentuna VK,20,Gustaf Lindén,True,7.7352,-8.5291,2.7282,2.2026,5.0889,1.2677,1.0333,14.596,-6.3528,15.4659,3.4641,1.933,-4.4267,-9.4402
&svk-södermalm,2,64,2352,Södermalm,13,Olle Johansson,False,0.8302,-9.562,2.6196,6.0012,5.6539,0.9393,0.9,18.401,6.1517,19.0969,4.9402,-0.9026,-4.8676,-15.1273
&svk-södermalm,2,65,2381,Sollentuna VK,14,Kai Wendler,True,3.2487,-8.6384,2.8059,7.8934,3.1305,1.2765,0.8333,15.473,6.5308,16.0731,2.0007,-2.2973,-4.6809,-9.2064
&svk-södermalm,2,66,2408,Sollentuna VK,14,Kai Wendler,True,3.6906,-8.2277,2.7987,6.1604,4.8733,0.7505,0.9667,14.225,2.7325,16.1469,2.3142,-0.3673,-5.3672,-9.1718
&svk-södermalm,2,67,2431,Södermalm,10,Grigorij Kan,True,0.4782,-7.4287,2.6408,2.1187,4.666,1.5334,0.9167,13.645,1.7822,14.8834,3.3896,0.0163,-3.6856,-10.0313
&svk-södermalm,2,68,2451,Södermalm,10,Grigorij Kan,True,0.7448,-7.8921,2.4937,2.4471,5.3561,1.4525,0.8833,15.331,1.6184,16.069,2.6072,0.6992,-2.4251,-8.5717
&svk-södermalm,2,69,2520,Södermalm,10,Grigorij Kan,True,0.283,-7.4027,2.5681,1.8374,5.0746,1.2212,0.9,14.338,1.9859,15.718,3.2824,-0.5751,-4.1206,-10.6197
&svk-södermalm,2,70,2559,Sollentuna VK,2,Shawn Ogbeide,True,1.4684,-8.7251,2.9657,5.2479,4.5891,0.8478,1.0833,13.316,4.4438,15.0692,3.2058,-1.7631,-5.1307,-9.5277
&svk-södermalm,2,71,2591,Sollentuna VK,2,Shawn Ogbeide,True,1.7213,-8.2895,2.9269,5.9672,6.2577,1.238,1.0833,14.333,4.8876,16.1139,2.8224,-1.7877,-4.9583,-8.0886
&svk-södermalm,2,72,2617,Sollentuna VK,2,Shawn Ogbeide,False,1.5267,-9.2706,2.8302,4.9059,5.3036,1.0099,1.2,12.92,3.6662,15.1768,3.3615,-1.4171,-5.0527,-8.1307
&svk-södermalm,2,73,2642,Sollentuna VK,2,Shawn Ogbeide,True,1.8044,-8.9275,2.9205,6.0334,5.411,0.7586,1.1,14.051,5.2926,15.6737,2.7678,-2.6329,-4.7977,-8.6057
&svk-södermalm,2,74,2749,Södermalm,9,David Gudeta,False,8.3257,-9.4843,2.3967,4.8625,5.2529,0.6578,1.05,14.893,-4.0708,16.1331,3.9239,1.4715,-3.9955,-10.6285
&svk-södermalm,2,75,2790,Sollentuna VK,16,Christian Hansson,True,7.7735,-8.8559,2.8381,2.0416,5.6626,1.2596,1.0833,14.799,-5.9564,15.5436,3.6263,1.2286,-3.9541,-9.3848
&svk-södermalm,2,77,2926,Södermalm,12,Albin Gustafsson,False,8.6214,-9.0,2.4043,6.8194,5.2669,1.5891,1.0127,14.414,-2.0008,16.2283,3.1183,0.4372,-4.2269,-7.7479
&svk-södermalm,2,78,2952,Sollentuna VK,15,Simon Meyer,True,6.9414,-8.4374,2.7219,7.2609,4.5179,0.5943,1.0167,13.289,0.0661,15.1146,2.9995,0.4883,-4.6657,-10.0175
&svk-södermalm,2,79,2979,Södermalm,1,Hubert Sliwinski,False,6.6739,-9.0,2.411,6.0635,4.2563,0.4074,1.1862,11.774,-0.7864,13.4614,3.6874,0.4583,-3.8537,-9.0653
&svk-södermalm,3,80,3222,Södermalm,15,Carl Lahne,True,2.0011,-7.4285,2.369,5.9557,4.3611,0.9473,1.0167,12.696,4.5144,13.3537,3.8146,-1.2287,-3.4572,-10.2549
&svk-södermalm,3,81,3274,Södermalm,12,Albin Gustafsson,False,8.7586,-9.0,1.9674,4.1043,5.2681,1.2312,1.0055,15.316,-4.9898,15.9739,5.0066,0.7178,-3.5478,-11.415
&svk-södermalm,3,82,3299,Sollentuna VK,9,Jakob Molin,True,6.4586,-9.1288,2.8412,5.0556,6.0848,1.078,1.1167,14.113,-1.425,16.6208,3.424,0.3021,-5.3673,-8.9604
&svk-södermalm,3,83,3350,Sollentuna VK,15,Simon Meyer,True,7.0868,-9.1447,2.4325,4.8751,5.0598,0.7976,1.1333,13.123,-2.2582,15.0665,3.5611,0.5413,-4.4703,-8.8299
&svk-södermalm,3,84,3380,Södermalm,13,Olle Johansson,False,0.5984,-9.0,2.6333,7.5659,4.6931,0.8179,0.7674,20.515,9.4434,20.5161,3.9158,-0.9498,-6.9672,-16.3698
&svk-södermalm,3,85,3403,Sollentuna VK,20,Gustaf Lindén,True,7.7382,-8.8332,2.6535,1.7155,4.8968,1.443,0.9833,15.489,-6.3316,16.1072,2.7779,0.4206,-4.3617,-8.1537
&svk-södermalm,3,86,3429,Södermalm,10,Grigorij Kan,True,1.2562,-7.9064,2.4365,7.4203,4.7993,1.3877,1.15,12.58,6.5488,12.9929,3.3696,-2.0674,-3.3817,-7.4462
&svk-södermalm,3,87,3453,Södermalm,10,Grigorij Kan,True,2.6356,-7.9702,2.6208,6.2634,5.3116,1.1729,1.0,14.176,4.1834,15.1787,3.6659,-1.1112,-3.7938,-10.2276
&svk-södermalm,3,88,3483,Sollentuna VK,14,Kai Wendler,True,3.2224,-8.518,2.5734,4.5566,5.9216,0.9763,1.0,14.893,1.5626,17.2114,3.3025,-0.4569,-5.5436,-9.7991
&svk-södermalm,3,89,3513,Södermalm,9,David Gudeta,True,1.3814,-9.1792,2.3392,3.3824,5.9328,0.9392,1.0833,14.488,2.3301,15.8579,4.1016,-0.8919,-3.5231,-9.958
&svk-södermalm,3,90,3547,Sollentuna VK,2,Shawn Ogbeide,True,1.1309,-9.0974,2.9454,2.5767,6.6342,1.5891,1.1,14.671,2.3163,16.9931,3.2009,-1.8217,-4.894,-8.0618
&svk-södermalm,3,91,3571,Sollentuna VK,2,Shawn Ogbeide,True,1.2267,-8.6775,3.0318,3.7725,5.3426,1.2785,1.1333,12.99,2.5287,15.0494,3.1267,-0.4982,-4.7272,-8.2478
&svk-södermalm,3,92,3604,Södermalm,15,Carl Lahne,True,1.7158,-7.5916,2.5001,3.5711,4.965,0.8837,0.95,13.724,3.2957,14.6049,2.5679,-2.8268,-2.9209,-8.9881
&svk-södermalm,3,94,3664,Sollentuna VK,16,Christian Hansson,True,7.7728,-8.6957,2.8526,7.2312,4.9557,1.0839,0.9667,14.485,-1.1097,16.5548,2.3469,1.137,-5.033,-8.6412
&svk-södermalm,3,95,3694,Sollentuna VK,16,Christian Hansson,True,7.7321,-9.1426,2.9553,7.8607,5.4658,1.1831,0.9833,15.284,-0.0883,16.6999,3.4034,0.4457,-3.7506,-10.5877
&svk-södermalm,3,96,3769,Sollentuna VK,16,Christian Hansson,True,7.5505,-8.6605,2.8254,5.2072,5.874,0.5631,1.0667,14.282,-2.388,16.1857,2.736,0.3585,-4.7994,-9.1067
&svk-södermalm,3,97,3796,Sollentuna VK,16,Christian Hansson,False,7.5356,-9.6071,2.9503,7.511,5.5542,0.8086,0.6833,22.609,0.2779,24.9812,1.7296,-0.9189,-8.1772,-14.2355
&svk-södermalm,3,98,3820,Sollentuna VK,16,Christian Hansson,False,7.6558,-9.8963,2.8696,5.0161,6.1883,0.377,0.8833,19.075,-2.719,21.7497,3.4712,-0.61,-8.0167,-14.2485
&svk-södermalm,3,99,3851,Södermalm,12,Albin Gustafsson,False,8.3464,-9.0,2.1981,5.4626,9.1134,-0.0913,1.2012,15.806,-2.8026,17.6433,4.0882,0.669,-4.2696,-9.9798
&svk-södermalm,3,100,3876,Södermalm,12,Albin Gustafsson,False,8.5693,-9.0,2.1793,4.2004,3.7631,0.0779,1.3371,10.882,-3.8668,11.7657,4.7221,0.8966,-3.3213,-9.4139
&svk-södermalm,3,101,3912,Sollentuna VK,9,Jakob Molin,True,6.4414,-9.3671,2.8773,4.7483,5.652,0.9716,1.1,14.217,-2.643,16.133,3.4921,2.007,-4.5076,-9.4993
&svk-södermalm,3,102,3940,Södermalm,22,Wim Nordin,True,2.0403,-8.1731,2.7372,6.1941,4.9839,1.4091,0.9833,14.3,4.2826,14.8288,2.6892,-0.1188,-2.9468,-8.2165
&svk-södermalm,3,103,3987,Sollentuna VK,15,Simon Meyer,True,6.8003,-8.6355,2.7708,4.9884,5.6744,1.349,1.15,12.964,-1.6768,15.2926,3.7461,0.176,-4.9553,-8.6652
&svk-södermalm,3,104,4026,Södermalm,13,Olle Johansson,False,0.6982,-9.0,2.6573,2.6207,6.3561,0.6774,0.745,21.293,3.0184,23.7914,3.6356,-1.1751,-8.5322,-16.8959
&svk-södermalm,3,105,4054,Södermalm,13,Olle Johansson,False,0.5779,-9.0,2.6702,4.7903,6.4914,1.2058,0.7585,21.581,5.4279,23.1681,4.3035,0.3312,-7.2373,-16.4379
&svk-södermalm,3,106,4098,Sollentuna VK,20,Gustaf Lindén,True,7.6831,-9.3605,2.5794,3.9225,5.168,1.2275,1.0,15.286,-4.704,16.5523,2.8958,1.8869,-4.0477,-8.4955
&svk-södermalm,3,107,4135,Södermalm,10,Grigorij Kan,True,0.8347,-7.6474,2.4862,0.7517,5.9099,1.3969,0.95,14.575,-0.5558,16.1823,3.4248,0.9862,-4.0241,-9.6242
&svk-södermalm,3,108,4166,Sollentuna VK,14,Kai Wendler,True,3.5608,-8.7338,2.6163,4.6254,5.6352,0.0816,1.0167,14.83,1.7178,17.1554,3.2626,-1.3192,-5.9449,-11.3229
&svk-södermalm,3,109,4196,Sollentuna VK,14,Kai Wendler,True,3.7659,-8.9298,2.8853,4.2818,5.4542,1.0265,0.9167,16.006,0.1796,18.314,1.7084,0.8362,-5.7214,-8.1517
&svk-södermalm,3,110,4222,Södermalm,9,David Gudeta,False,8.2179,-9.2279,2.5903,2.9203,2.51,0.4332,1.3,10.716,-4.6359,10.9945,4.6207,0.8628,-3.0235,-9.6615
&svk-södermalm,3,111,4261,Sollentuna VK,2,Shawn Ogbeide,True,1.3552,-8.7209,3.0323,3.4718,5.4667,0.4173,1.0667,14.055,2.0787,15.5621,2.9056,-0.1769,-4.2399,-10.0445
&svk-södermalm,3,112,4321,Södermalm,15,Carl Lahne,True,1.5016,-7.5246,2.5546,1.2077,4.8822,0.6838,1.0167,12.767,0.8922,14.5817,3.3846,-2.3239,-4.6786,-10.2781
&svk-södermalm,3,113,4361,Sollentuna VK,16,Christian Hansson,True,7.5169,-8.3502,2.8156,6.0477,5.3532,0.8155,0.9667,14.659,-2.5127,16.2531,2.2994,2.0542,-4.2977,-9.0381
&svk-södermalm,3,114,4384,Södermalm,12,Albin Gustafsson,False,8.123,-9.0,2.2582,6.4953,4.5473,0.6781,0.95,14.803,-2.0368,16.0635,3.6721,0.6807,-3.7951,-11.233
&svk-södermalm,3,115,4419,Sollentuna VK,9,Jakob Molin,True,6.3942,-9.5015,2.8654,3.1273,4.967,1.0959,0.9,16.78,-4.1045,17.9273,2.1047,1.0545,-4.1138,-9.0461
&svk-södermalm,3,116,4443,Sollentuna VK,9,Jakob Molin,True,6.5098,-9.2888,2.8189,3.5957,6.1908,1.1731,0.9667,16.526,-4.267,18.1045,1.7322,2.5911,-4.3266,-7.1064
&svk-södermalm,3,117,4511,Sollentuna VK,9,Jakob Molin,True,6.3705,-9.0237,2.8473,4.268,5.2235,1.5149,0.9333,15.657,-3.2222,17.0016,2.2236,2.0775,-3.7217,-7.8238
&svk-södermalm,3,118,4558,Södermalm,22,Wim Nordin,True,2.6711,-8.3679,2.6072,3.5192,6.4508,1.3793,1.0333,14.714,1.8545,16.139,3.7257,-2.0009,-3.4805,-9.511
&svk-södertelge,1,1,48,Södertelge,17,Adrian Cabanne,False,0.3403,-9.0,2.6806,4.6615,6.3553,1.6137,1.0661,15.218,4.5665,16.9714,3.3092,-0.9631,-4.8188,-8.0849
&svk-södertelge,1,2,78,Södertelge,17,Adrian Cabanne,True,0.7843,-8.1369,2.8948,5.6691,6.2628,1.0199,1.0,15.654,5.2738,16.9924,3.3984,-0.7781,-5.1854,-10.5465
&svk-södertelge,1,3,102,Sollentuna VK,16,Christian Hansson,True,7.3525,-9.3912,3.0998,4.9141,5.6273,1.447,0.7167,21.618,-2.3925,24.0742,3.0235,-2.818,-8.7015,-14.8735
&svk-södertelge,1,4,138,Södertelge,14,Lucas Olanders,False,6.56,-9.0,2.985,4.1372,6.4433,0.8917,0.7005,22.808,-2.4531,25.7181,2.6994,-2.8715,-10.4814,-16.2403
&svk-södertelge,1,5,164,Sollentuna VK,8,Peter Blomgren,False,8.7562,-9.2515,2.8849,2.9689,5.2141,0.8498,1.0667,15.034,-7.0343,15.4034,2.9807,3.0164,-3.4533,-9.166
&svk-södertelge,1,6,200,Södertelge,4,Alfred Mjörnheim,True,7.0432,-10.0341,2.7439,4.6835,5.1022,0.7189,1.3333,12.192,-2.0894,13.6597,4.8257,0.4794,-3.4611,-9.5167
&svk-södertelge,1,7,238,Sollentuna VK,5,Davyd Berezhnyi,True,6.4391,-9.5862,3.1571,5.5355,5.6825,1.4219,0.9333,16.679,-1.6985,18.074,2.2313,1.5652,-3.6743,-8.7651
&svk-södertelge,1,9,293,Södertelge,3,Rasmus Wallden,True,7.6872,-8.8443,2.5733,7.8557,6.0136,1.8419,1.2167,12.605,-0.0467,14.7667,4.558,0.3046,-4.1997,-8.4809
&svk-södertelge,1,11,344,Södertelge,3,Rasmus Wallden,True,7.9634,-8.3412,2.7854,8.2102,4.8659,1.3551,0.9167,14.738,0.6009,16.1962,2.89,-0.7237,-3.9022,-9.7097
&svk-södertelge,1,12,372,Södertelge,3,Rasmus Wallden,True,8.0636,-8.6875,2.717,7.6946,5.4803,1.3092,1.1167,13.077,-0.0598,14.5046,3.588,-0.4847,-3.2543,-8.6843
&svk-södertelge,1,13,399,Sollentuna VK,20,Gustaf Lindén,True,7.8581,-8.5242,2.7958,6.4444,4.813,1.068,0.95,14.495,-1.7142,16.1644,2.6838,0.4759,-4.4741,-9.4789
&svk-södertelge,1,14,424,Sollentuna VK,20,Gustaf Lindén,True,7.5723,-9.328,2.747,5.8179,5.5989,0.4638,1.05,14.811,-1.6935,16.5146,2.9507,0.0429,-4.3779,-9.7623
&svk-södertelge,1,15,456,Sollentuna VK,20,Gustaf Lindén,True,7.607,-9.3865,2.8273,6.0014,5.4321,0.7208,0.9833,15.557,-1.4431,17.0838,2.4126,-0.386,-4.0964,-9.2638
&svk-södertelge,1,16,489,Sollentuna VK,20,Gustaf Lindén,True,7.633,-8.6982,2.7904,6.8908,4.6898,1.4616,0.8833,15.404,-1.162,17.0838,2.0251,0.7287,-4.3643,-7.9911
&svk-södertelge,1,17,535,Södertelge,7,Deyan Marinov,True,2.2429,-8.5467,3.1224,5.4048,6.0505,0.7355,0.6,25.453,5.0512,28.5724,1.4133,0.7286,-14.146,-17.9713
&svk-södertelge,1,18,558,Sollentuna VK,7,Kestutis Blyza,True,6.7106,-8.1601,2.7958,7.4466,4.8246,1.7917,0.95,13.977,1.0508,15.729,3.3101,-0.5812,-4.3386,-9.1939
&svk-södertelge,1,19,585,Södertelge,9,Dario Dumancic,True,4.1331,-9.5706,2.8139,7.056,5.6289,1.3295,0.6833,23.03,4.2752,25.0506,3.716,0.0066,-8.2166,-17.2337
&svk-södertelge,1,20,614,Sollentuna VK,2,Shawn Ogbeide,True,1.6945,-9.6549,3.0925,4.7899,4.8689,0.8728,1.1667,13.233,3.4346,14.7761,3.1197,-1.3395,-3.9894,-8.6096
&svk-södertelge,1,21,648,Södertelge,17,Adrian Cabanne,False,0.5064,-9.2209,2.7059,5.5578,5.9249,1.4571,1.0333,15.853,4.0108,17.6531,4.0967,1.6987,-5.7985,-10.2683
&svk-södertelge,1,22,684,Sollentuna VK,16,Christian Hansson,True,7.6171,-9.3103,3.1978,5.9176,5.8943,1.6015,0.7667,20.335,-1.0537,22.3518,3.2531,-3.0338,-6.5732,-13.918
&svk-södertelge,1,23,710,Sollentuna VK,16,Christian Hansson,True,7.6231,-9.3504,3.0537,4.5696,5.4828,1.1646,0.7,22.07,-2.4545,24.8021,2.2752,-5.4504,-10.3194,-14.211
&svk-södertelge,1,24,828,Södertelge,14,Lucas Olanders,True,6.3723,-8.3113,2.8706,6.5097,6.2139,1.27,0.7,21.121,0.2136,23.0608,3.0478,-0.0493,-6.6014,-15.241
&svk-södertelge,1,25,876,Sollentuna VK,8,Peter Blomgren,False,8.4591,-9.4239,3.0128,3.5531,5.4395,1.0795,1.1667,13.862,-4.6022,15.0743,3.3971,0.6805,-4.0014,-8.6644
&svk-södertelge,1,26,907,Södertelge,4,Alfred Mjörnheim,True,6.7636,-10.0626,2.5223,8.431,4.8929,1.2946,1.25,12.565,1.683,14.2847,4.8559,-0.5586,-3.7125,-9.3409
&svk-södertelge,1,27,933,Sollentuna VK,5,Davyd Berezhnyi,True,6.5258,-9.091,3.087,6.3262,5.7512,1.0345,0.8833,17.162,0.1162,18.6047,1.9608,-0.7746,-4.0804,-9.7006
&svk-södertelge,1,28,968,Södertelge,3,Rasmus Wallden,True,7.9529,-8.7485,2.7442,9.2814,5.8308,0.1259,1.1167,13.779,1.0766,15.6933,3.411,0.2025,-4.7234,-10.3087
&svk-södertelge,1,30,1062,Södertelge,3,Rasmus Wallden,True,7.7845,-8.3881,2.7966,7.3951,5.6063,1.2364,1.0167,14.173,-0.2586,15.936,3.4271,-0.2446,-4.271,-9.7607
&svk-södertelge,1,31,1092,Södertelge,3,Rasmus Wallden,True,8.0151,-8.649,2.7528,7.6067,5.8852,1.6496,0.95,15.503,-0.3469,17.0655,2.4889,-0.1747,-3.7186,-7.6845
&svk-södertelge,1,33,1183,Södertelge,3,Rasmus Wallden,True,7.9719,-8.164,2.7873,7.0588,5.0516,1.2129,0.95,14.285,-0.8997,15.8257,2.685,-0.1293,-4.0306,-9.1417
&svk-södertelge,1,34,1209,Sollentuna VK,20,Gustaf Lindén,True,7.6613,-7.9353,2.8938,5.4824,5.4469,0.4105,1.05,13.611,-2.228,15.625,3.446,0.2913,-5.4858,-11.0685
&svk-södertelge,1,35,1247,Sollentuna VK,20,Gustaf Lindén,True,7.7126,-8.8689,2.7908,3.5323,5.1997,1.137,1.0667,14.208,-4.1751,15.5844,3.7191,0.4801,-4.4907,-9.8805
&svk-södertelge,1,36,1270,Sollentuna VK,20,Gustaf Lindén,True,7.6197,-9.2196,2.714,5.7598,5.2308,0.8215,1.0667,14.116,-1.7684,15.7096,3.343,0.0466,-4.0545,-9.5948
&svk-södertelge,1,37,1332,Sollentuna VK,20,Gustaf Lindén,True,7.7046,-8.3968,2.8007,5.7436,5.3967,0.9628,0.9667,14.827,-2.8322,16.0354,2.9259,1.6625,-3.6542,-9.9874
&svk-södertelge,1,38,1368,Södertelge,7,Deyan Marinov,False,1.3454,-10.159,2.9111,8.4865,4.86,0.3983,0.9167,18.851,6.6402,20.6231,3.7661,2.5093,-9.2481,-14.1978
&svk-södertelge,1,39,1416,Sollentuna VK,7,Kestutis Blyza,True,5.9564,-8.2066,2.8017,6.1449,4.6165,1.4733,0.9833,13.443,0.5168,14.9276,3.6215,-0.6614,-3.8382,-10.1134
&svk-södertelge,1,41,1480,Södertelge,9,Dario Dumancic,True,4.0829,-8.7567,2.8923,5.0217,6.2852,0.9018,0.6333,24.264,1.9276,26.9704,2.6197,-1.4059,-10.1687,-18.1975
&svk-södertelge,1,43,1551,Södertelge,17,Adrian Cabanne,False,0.52,-9.0,2.6001,4.5729,4.839,0.4561,1.0601,14.248,2.8224,16.6262,3.7219,1.8878,-6.7385,-10.8371
&svk-södertelge,1,44,1592,Södertelge,17,Adrian Cabanne,False,0.432,-9.0,2.7391,6.811,4.7585,0.9467,1.0369,14.976,5.7381,16.0642,2.4592,0.7987,-5.3911,-8.0777
&svk-södertelge,1,45,1622,Sollentuna VK,16,Christian Hansson,False,7.3707,-9.8679,3.1363,6.671,5.3505,1.0637,1.1,14.304,-0.1803,15.682,3.1735,-0.8288,-3.3583,-9.1957
&svk-södertelge,1,46,1677,Södertelge,14,Lucas Olanders,True,6.2019,-8.5224,2.8049,6.3726,5.9556,0.904,0.65,22.728,0.3182,25.5235,2.6488,-0.1709,-9.9989,-17.1486
&svk-södertelge,1,47,1728,Sollentuna VK,8,Peter Blomgren,False,8.486,-9.3236,2.9116,3.8285,5.5549,0.7759,0.9833,16.327,-5.3847,16.7168,3.2714,1.3185,-3.226,-11.0712
&svk-södertelge,1,48,1754,Södertelge,4,Alfred Mjörnheim,True,6.4697,-9.8396,2.6448,6.4159,5.3878,1.5163,1.15,13.668,0.8238,15.3013,4.4418,-1.5143,-3.5828,-9.4315
&svk-södertelge,1,49,1789,Sollentuna VK,5,Davyd Berezhnyi,True,6.6509,-8.8453,3.1566,6.7394,4.6518,0.9351,0.8167,16.908,0.0594,18.6444,0.9869,0.1199,-5.1852,-9.0786
&svk-södertelge,2,50,1972,Sollentuna VK,16,Christian Hansson,False,7.6649,-9.9022,3.0542,5.1147,6.1217,1.1759,0.75,22.034,-2.2528,24.3679,2.7769,-3.0599,-8.0074,-14.0837
&svk-södertelge,2,51,1999,Sollentuna VK,16,Christian Hansson,False,7.7575,-9.8746,3.0561,8.1024,5.2392,1.0567,1.0833,14.407,0.1225,15.6773,3.3009,0.3615,-3.1866,-9.5012
&svk-södertelge,2,52,2034,Sollentuna VK,16,Christian Hansson,False,7.4592,-9.7896,2.9895,5.7253,5.4864,1.2383,1.1167,14.259,-1.5505,15.5031,4.1037,-0.004,-3.2653,-10.1587
&svk-södertelge,2,53,2066,Södertelge,17,Adrian Cabanne,False,0.3971,-9.0,2.6926,5.9,5.3935,0.8533,1.1198,14.223,5.8425,15.9039,3.5266,-1.6579,-5.4478,-9.2323
&svk-södertelge,2,54,2106,Södertelge,17,Adrian Cabanne,True,0.4574,-9.2588,2.5565,5.9657,5.1428,1.1295,0.9833,16.058,5.7618,17.3808,3.7074,-0.3255,-5.563,-10.4919
&svk-södertelge,2,55,2134,Södertelge,17,Adrian Cabanne,False,0.5802,-9.1369,2.7145,5.8197,6.1754,0.8896,1.05,15.818,4.9002,17.2406,3.3064,0.171,-5.0617,-9.6084
&svk-södertelge,2,56,2163,Södertelge,17,Adrian Cabanne,False,0.5313,-9.0014,2.6724,6.2905,4.8298,0.7985,1.1,13.989,5.1443,15.0636,2.6009,0.1661,-4.5269,-7.8264
&svk-södertelge,2,57,2191,Sollentuna VK,8,Peter Blomgren,False,8.5899,-9.4772,2.7978,4.5583,4.5921,1.1591,1.0167,14.729,-4.0027,15.8176,2.7946,0.0731,-3.8929,-8.6686
&svk-södertelge,2,58,2244,Sollentuna VK,5,Davyd Berezhnyi,False,8.1032,-9.5112,3.1323,7.1891,4.4433,1.2534,0.8333,17.15,-0.6346,18.5229,2.2422,-1.1094,-4.2659,-10.7924
&svk-södertelge,2,59,2275,Sollentuna VK,5,Davyd Berezhnyi,False,7.7933,-9.5572,3.2156,7.9972,4.2912,1.1575,0.8667,16.358,0.3229,17.4167,1.9072,-0.2023,-3.318,-9.8812
&svk-södertelge,2,60,2334,Södertelge,4,Alfred Mjörnheim,True,6.7155,-10.0145,2.6819,3.2444,5.5886,2.141,1.1167,14.628,-3.212,15.8116,4.6005,0.1854,-3.293,-9.1073
&svk-södertelge,2,61,2366,Sollentuna VK,20,Gustaf Lindén,True,7.6186,-8.3305,2.8208,3.7659,5.3204,0.8458,0.9333,15.581,-4.048,16.69,2.303,-0.1712,-4.423,-9.4695
&svk-södertelge,2,62,2395,Sollentuna VK,20,Gustaf Lindén,True,7.6279,-8.7096,2.7764,5.1824,6.167,1.2905,0.9833,15.631,-3.1704,16.8604,2.8975,1.3902,-3.522,-8.9668
&svk-södertelge,2,63,2421,Sollentuna VK,20,Gustaf Lindén,True,7.6256,-9.43,2.7521,2.4044,5.7338,1.3587,1.1,14.993,-4.8436,16.794,4.0666,0.1765,-5.4702,-9.6969
&svk-södertelge,2,65,2520,Sollentuna VK,20,Gustaf Lindén,True,7.7119,-8.509,2.9371,5.7284,5.8883,0.7475,1.0,14.923,-2.9553,16.8082,1.91,1.9436,-4.8217,-8.1993
&svk-södertelge,2,66,2552,Södertelge,3,Rasmus Wallden,True,7.9457,-8.4897,2.7278,7.9975,3.4763,1.9152,0.8333,14.604,0.1425,15.9046,3.2197,-0.1931,-3.709,-10.0678
&svk-södertelge,2,67,2587,Sollentuna VK,19,Axel Wendt,True,6.5268,-8.1633,2.9593,4.3622,4.9263,0.4759,0.9667,14.276,-3.424,15.1143,2.2805,2.4513,-3.2551,-10.0334
&svk-södertelge,2,68,2610,Sollentuna VK,19,Axel Wendt,True,6.7765,-8.5511,2.846,5.041,5.6981,1.2155,0.9667,15.188,-2.5582,16.5059,2.7975,1.5785,-3.6525,-9.2777
&svk-södertelge,2,69,2645,Sollentuna VK,19,Axel Wendt,True,6.8104,-8.5234,2.8592,5.6904,5.9372,1.026,0.9833,15.114,-1.3489,17.0471,2.5871,0.4269,-4.7621,-9.0537
&svk-södertelge,2,70,2686,Sollentuna VK,19,Axel Wendt,True,6.5056,-8.1905,2.876,3.4762,5.5987,1.2629,1.0333,13.994,-3.2324,16.1323,2.6127,0.5821,-5.3959,-8.0782
&svk-södertelge,2,71,2721,Södertelge,7,Deyan Marinov,False,1.5339,-9.8996,3.0255,4.6978,6.5418,1.0278,0.85,20.219,2.8017,22.9363,3.8738,2.166,-8.4551,-14.6449
&svk-södertelge,2,72,2754,Södertelge,7,Deyan Marinov,False,1.9859,-9.8637,2.9918,2.0961,7.5196,1.1162,0.8333,21.335,0.2238,24.3792,4.1009,-0.2198,-8.4463,-15.2439
&svk-södertelge,2,73,2798,Sollentuna VK,2,Shawn Ogbeide,True,1.0522,-9.7942,3.0861,7.1957,4.5038,0.537,1.05,15.354,7.1391,15.5455,2.798,-2.4535,-3.6732,-9.9537
&svk-södertelge,2,74,2854,Södertelge,9,Dario Dumancic,True,4.224,-9.2504,2.8522,3.6003,3.7033,0.2185,1.1167,12.516,-0.5427,13.4581,4.4529,-0.0284,-3.3273,-12.1994
&svk-södertelge,2,75,2900,Sollentuna VK,16,Christian Hansson,False,7.6951,-9.8353,2.9787,3.6292,5.6585,0.7369,0.75,21.87,-4.5623,23.9144,2.7306,-2.2904,-8.6827,-15.2526
&svk-södertelge,2,76,2931,Sollentuna VK,16,Christian Hansson,False,7.6472,-9.6756,2.9717,2.658,5.2862,1.4465,0.6833,23.369,-5.7128,25.2445,1.8374,-4.649,-9.8027,-11.9106
&svk-södertelge,2,77,2993,Södertelge,17,Adrian Cabanne,True,0.7758,-8.3614,2.7451,4.9185,6.0835,1.5179,1.0,15.32,4.2271,17.0616,3.2338,-0.1687,-5.2335,-8.9221
&svk-södertelge,2,78,3017,Södertelge,17,Adrian Cabanne,True,0.8438,-8.5939,2.7935,5.3785,5.5237,0.4663,1.0333,14.795,4.2506,16.1014,2.2403,0.2666,-4.7208,-8.6951
&svk-södertelge,2,79,3045,Sollentuna VK,8,Peter Blomgren,True,8.0946,-8.9032,2.8983,7.0454,5.1061,1.2046,0.8667,16.484,-0.8228,17.9737,1.7571,-0.8949,-4.1748,-8.5644
&svk-södertelge,2,80,3085,Sollentuna VK,8,Peter Blomgren,False,8.8018,-9.2919,2.9598,4.2974,5.1237,1.3081,0.9667,15.975,-5.0899,16.5647,3.0976,0.89,-3.4181,-9.9442
&svk-södertelge,2,81,3162,Sollentuna VK,5,Davyd Berezhnyi,True,6.9998,-9.6434,3.0993,5.9638,5.332,0.5446,0.8833,17.478,-0.2609,18.6697,1.7972,-2.0645,-3.8864,-10.6174
&svk-södertelge,2,82,3195,Södertelge,10,Isak Björnsjö,True,7.39,-8.7669,2.669,8.1974,5.2573,1.2956,1.0833,13.39,0.7408,14.9076,3.9251,0.0084,-3.6225,-9.5868
&svk-södertelge,2,83,3221,Sollentuna VK,20,Gustaf Lindén,True,7.6902,-8.25,2.9341,2.5894,4.9007,0.8207,0.9,16.055,-5.789,16.1529,1.9236,0.2701,-3.4244,-9.4929
&svk-södertelge,2,84,3249,Södertelge,3,Rasmus Wallden,True,7.6859,-8.5637,2.7745,6.7022,5.1575,1.3562,0.9833,14.326,-0.5389,15.5917,3.1174,-0.9386,-3.3314,-9.274
&svk-södertelge,3,85,3433,Södertelge,4,Alfred Mjörnheim,True,7.2766,-9.1977,2.9215,4.257,4.8502,1.0999,1.15,13.009,-2.1846,14.528,3.7676,-0.7672,-4.0216,-9.3072
&svk-södertelge,3,86,3501,Södertelge,3,Rasmus Wallden,True,8.2672,-8.5433,2.6265,4.916,5.021,1.0994,0.95,15.056,-3.9297,15.2733,3.1493,0.8465,-2.095,-10.0144
&svk-södertelge,3,87,3538,Sollentuna VK,8,Peter Blomgren,False,8.1003,-9.5705,2.8985,6.1764,6.6261,1.2848,1.2,14.005,-0.763,16.0126,3.6824,-1.4003,-4.1924,-8.3787
&svk-södertelge,3,88,3622,Södertelge,12,Daniel Hoxha,True,7.6029,-9.3711,2.9053,7.4943,5.9007,0.6779,0.8667,18.171,0.2983,19.8786,3.4252,-0.9776,-5.2092,-13.8354
&svk-södertelge,3,89,3647,Sollentuna VK,20,Gustaf Lindén,True,7.493,-8.3987,2.9813,6.1194,4.9546,1.6039,0.8333,16.298,-1.1513,17.3009,1.3724,-1.1929,-3.0644,-7.2606
&svk-södertelge,3,90,3677,Södertelge,17,Adrian Cabanne,False,0.5001,-9.0,2.6769,5.8918,5.3012,0.7214,0.9796,15.995,5.6336,16.9071,2.7542,-0.2652,-4.7132,-9.698
&svk-södertelge,3,91,3724,Sollentuna VK,19,Axel Wendt,True,6.8334,-9.0781,2.8175,6.1984,5.5026,0.9712,1.0,14.962,-0.2506,16.5652,2.6516,-0.7688,-3.969,-8.9959
&svk-södertelge,3,92,3756,Sollentuna VK,19,Axel Wendt,True,7.2201,-9.0523,2.7811,5.6079,5.7265,1.0452,0.9667,15.652,-1.8705,17.1283,1.9792,0.4194,-3.8066,-7.8102
&svk-södertelge,3,93,3783,Södertelge,6,Gustav Mjörnheim,True,6.6473,-8.9445,2.3347,3.4636,2.9677,2.2215,1.05,12.059,-3.4472,13.1019,4.619,0.7908,-3.3464,-9.0033
&svk-södertelge,3,94,3807,Sollentuna VK,2,Shawn Ogbeide,True,1.954,-8.9537,3.1034,6.1798,5.1929,1.1965,1.05,14.456,5.0054,15.5013,2.8121,-1.8683,-3.8634,-8.8156
&svk-södertelge,3,95,3839,Sollentuna VK,2,Shawn Ogbeide,True,1.928,-8.6538,3.1811,8.0574,4.9448,1.1261,1.0167,15.125,6.9641,15.3419,3.0509,-1.8398,-3.868,-9.978
&svk-södertelge,3,96,3869,Södertelge,4,Alfred Mjörnheim,True,6.8797,-9.5363,2.9472,4.0291,5.0472,1.129,1.1833,13.205,-2.9412,14.3693,4.8425,0.8996,-3.4567,-10.7814
&svk-södertelge,3,97,3898,Södertelge,4,Alfred Mjörnheim,True,6.6205,-9.734,2.8587,5.4101,6.1877,1.857,1.2167,13.5,-0.8374,14.7268,4.3819,-0.2588,-2.6967,-8.5566
&svk-södertelge,3,98,3926,Sollentuna VK,16,Christian Hansson,False,7.4692,-9.6203,3.0119,7.226,5.9497,0.7634,1.1167,14.442,-0.398,15.9018,3.2665,0.3228,-3.5078,-9.4569
&svk-södertelge,3,99,3954,Sollentuna VK,16,Christian Hansson,False,7.2651,-9.7779,2.8245,6.5618,5.8948,1.0742,1.1,14.656,-1.377,16.1778,3.3413,1.3414,-3.509,-8.9683
&svk-södertelge,3,100,3990,Sollentuna VK,16,Christian Hansson,False,7.0623,-9.7625,3.0532,8.1479,5.4097,0.5694,1.0667,14.784,1.0869,15.7883,2.93,-0.1296,-2.9332,-9.8599
&svk-södertelge,3,101,4060,Sollentuna VK,16,Christian Hansson,False,7.0407,-9.7778,3.0515,6.9712,5.6414,1.1107,1.0167,15.524,-0.4152,16.5492,2.6363,0.6824,-2.7202,-8.9415
&svk-södertelge,3,102,4093,Sollentuna VK,16,Christian Hansson,True,7.3333,-9.1591,3.0111,7.7799,5.8852,1.4499,1.0,15.361,0.156,16.9364,2.8399,0.5812,-3.7842,-8.8022
&svk-södertelge,3,103,4140,Sollentuna VK,16,Christian Hansson,False,7.4839,-9.8206,2.8735,1.9169,5.1879,1.1435,1.05,15.669,-5.9404,15.7661,3.8091,1.2162,-2.8043,-10.3937
&svk-södertelge,3,104,4167,Södertelge,16,Eoin Balkestĺhl,True,1.3763,-9.3842,2.6914,3.8476,4.7995,1.2263,1.0833,13.679,2.1036,15.2528,3.5334,0.3279,-3.988,-9.0199
&svk-södertelge,3,105,4222,Södertelge,13,Liam Thynne,True,1.7752,-8.286,2.8209,6.7325,4.1806,0.4688,1.0,13.979,5.2611,14.699,2.7851,-0.6076,-4.4646,-10.2743
&svk-södertelge,3,106,4301,Södertelge,2,Filip Kryske,True,7.1745,-8.6288,3.0222,4.2675,7.421,0.0322,0.7167,23.411,-4.8233,27.5082,1.1019,2.1406,-14.2692,-14.7178
&svk-södertelge,3,107,4319,Södertelge,2,Filip Kryske,True,7.566,-8.317,2.8398,4.6774,5.2707,0.6219,0.9333,15.466,-3.253,16.1839,3.4764,0.3387,-3.4835,-12.5417
&svk-södertelge,3,108,4341,Södertelge,2,Filip Kryske,True,6.4819,-9.0465,2.9389,3.1337,5.2884,1.0036,0.8167,18.48,-4.5524,18.9168,3.2433,1.1083,-3.34,-13.7466
&svk-södertelge,3,109,4364,Sollentuna VK,20,Gustaf Lindén,True,7.7104,-8.3423,2.8029,6.7075,5.3025,0.886,0.9667,14.614,-0.5313,16.3738,3.0069,-1.0472,-4.6727,-10.324
&svk-södertelge,3,110,4393,Södertelge,17,Adrian Cabanne,True,0.6996,-8.4972,2.8094,7.0438,4.9072,1.1218,1.0167,14.979,6.5147,15.4678,3.2316,-0.5402,-4.4916,-9.6228
&svk-södertelge,3,111,4418,Sollentuna VK,19,Axel Wendt,True,6.8613,-8.4279,2.8154,8.4861,5.3697,0.8619,1.0,14.427,2.3779,16.2247,3.5692,-1.5063,-4.8541,-11.0455
&svk-södertelge,3,112,4471,Södertelge,14,Lucas Olanders,True,6.5519,-8.927,2.8181,3.8772,3.3489,1.6975,0.9333,13.903,-3.1366,14.7936,4.3477,0.5802,-3.516,-11.8894
&svk-södertelge,3,113,4505,Södertelge,14,Lucas Olanders,True,6.5236,-8.3705,2.6909,5.8917,5.1507,0.6745,1.1833,12.205,-0.6695,12.7072,5.0054,0.2289,-2.1647,-11.3398
&svk-södertelge,3,114,4532,Sollentuna VK,2,Shawn Ogbeide,True,1.2049,-8.9087,3.165,1.9699,3.7323,0.2107,1.0667,12.676,1.4354,14.1296,2.8723,-1.3467,-4.2724,-10.5785
&svk-södertelge,3,115,4556,Sollentuna VK,2,Shawn Ogbeide,True,1.29,-9.6538,2.9724,5.0047,4.1882,1.7153,0.9167,15.89,4.0293,16.8781,2.7751,0.0506,-3.8787,-9.0469
&svk-södertelge,3,116,4607,Sollentuna VK,2,Shawn Ogbeide,True,1.5261,-8.7624,3.1375,4.2052,4.4424,1.462,0.9,15.291,4.1209,16.5043,2.1725,-2.5425,-4.072,-8.9648
&svk-södertelge,3,117,4639,Södertelge,4,Alfred Mjörnheim,True,6.5124,-7.9711,2.9957,2.7143,5.7685,0.8651,0.9167,16.191,-3.7705,17.3372,4.0721,-0.8135,-5.124,-13.9559
&svk-södertelge,3,118,4668,Sollentuna VK,16,Christian Hansson,True,7.5155,-8.6573,3.1458,2.7654,5.2294,0.8542,1.0,15.127,-5.5106,15.6593,2.4309,1.5209,-3.5451,-9.4452
&svk-södertelge,3,119,4712,Södertelge,16,Eoin Balkestĺhl,False,1.1194,-10.079,2.6718,4.2694,5.3571,1.0736,1.25,13.061,3.0387,14.8327,3.9987,-0.8299,-3.9741,-8.4437
&svk-södertelge,3,120,4758,Södertelge,13,Liam Thynne,True,1.4891,-8.3588,2.9433,4.7487,4.9579,1.0573,0.85,16.583,3.5632,17.7947,2.9654,0.6392,-5.0071,-12.1983
&svk-telge_ligacup,1,1,188,Södertelge VBK,17,Adrian Cabanne,False,-0.2098,-9.0,2.5801,4.9587,6.575,1.6611,1.0315,16.182,5.7435,15.8654,3.9518,-1.4213,-1.4862,-9.3893
&svk-telge_ligacup,1,2,216,Sollentuna VK,16,Christian Hansson,False,7.6124,-9.0,3.0952,7.7431,5.0145,0.666,1.0104,14.493,-0.1842,16.6038,3.1784,0.6207,-5.4113,-11.05
&svk-telge_ligacup,1,3,262,Sollentuna VK,9,Jakob Molin,False,6.3745,-9.0,3.0331,6.6035,4.8624,1.0147,0.899,15.805,-0.2967,17.5516,2.0102,1.2268,-4.7411,-9.4678
&svk-telge_ligacup,1,4,305,Södertelge VBK,4,Alfred Mjörnheim,True,7.7434,-9.2926,3.1706,3.4405,5.7588,0.257,0.75,21.64,-5.6431,24.2027,2.649,-0.2507,-11.0247,-17.4237
&svk-telge_ligacup,1,5,349,Södertelge VBK,3,Rasmus Ling Walldén,True,8.3218,-8.4492,2.8739,7.4266,5.0548,1.8767,0.8833,15.545,-1.0316,16.0191,2.9544,0.0412,-1.6563,-9.2453
&svk-telge_ligacup,1,6,386,Sollentuna VK,8,Peter Blomgren,False,7.9923,-9.0,2.7448,1.5492,5.2816,0.9752,0.9592,16.669,-6.8228,16.9473,2.7024,0.2206,-4.292,-9.4812
&svk-telge_ligacup,1,7,413,Södertelge VBK,7,Deyan Marinov,False,1.9276,-9.0,3.3647,6.1757,6.1686,1.3482,0.8281,19.522,5.5458,21.0326,3.59,-1.004,-6.5573,-14.552
&svk-telge_ligacup,1,9,461,Södertelge VBK,9,Dario Dumancic,False,3.2556,-9.0,3.2096,3.8144,6.5394,1.3217,0.7489,21.241,0.9416,23.3274,3.6439,-0.522,-6.8865,-16.4626
&svk-telge_ligacup,1,10,489,Sollentuna VK,2,Shawn Ogbeide,False,2.0449,-9.0,2.9034,7.434,4.0604,1.2008,0.9733,14.817,6.5555,14.5223,2.2518,-2.0933,-2.2688,-8.2212
&svk-telge_ligacup,1,11,519,Sollentuna VK,2,Shawn Ogbeide,True,2.1755,-8.864,2.9551,8.1417,3.4105,1.5366,0.9167,15.192,7.1174,14.4478,2.8606,-1.3283,-2.3072,-9.6176
&svk-telge_ligacup,1,12,546,Södertelge VBK,17,Adrian Cabanne,False,-0.2927,-9.0,2.7716,5.0729,5.5167,1.0363,0.9902,16.013,6.2765,15.2377,3.384,-1.7328,-1.1668,-10.3741
&svk-telge_ligacup,1,13,571,Sollentuna VK,16,Christian Hansson,False,7.2714,-9.0,2.9889,7.0444,5.8761,1.4135,0.8239,18.431,0.4973,21.2348,3.1602,-1.8764,-7.7158,-12.3134
&svk-telge_ligacup,1,14,606,Sollentuna VK,16,Christian Hansson,False,7.1182,-9.0,3.1063,7.8483,5.2839,0.8862,0.6925,21.161,2.0124,25.103,1.8285,-2.7671,-12.9318,-14.5378
&svk-telge_ligacup,1,15,660,Sollentuna VK,9,Jakob Molin,False,6.3534,-9.0,2.9204,6.9393,5.6441,1.4343,0.943,15.863,0.4861,18.1079,2.9565,0.2869,-5.4703,-9.6123
&svk-telge_ligacup,1,16,687,Sollentuna VK,9,Jakob Molin,False,6.2918,-9.0,2.9591,6.6563,5.518,1.864,0.8955,16.455,0.0668,18.4458,2.927,0.7601,-4.9871,-9.2689
&svk-telge_ligacup,1,17,719,Södertelge VBK,4,Alfred Mjörnheim,True,7.8276,-8.2914,3.1529,7.4018,6.1876,0.8673,0.6,24.706,-1.1763,27.2732,2.0078,1.556,-10.4715,-19.3902
&svk-telge_ligacup,1,18,755,Sollentuna VK,5,Davyd Berezhnyi,False,6.9803,-9.0,3.2253,7.7284,4.8466,1.3226,1.0882,13.191,0.5753,15.6444,2.949,0.2061,-5.3671,-8.6331
&svk-telge_ligacup,1,19,780,Södertelge VBK,3,Rasmus Ling Walldén,True,8.4633,-8.1383,2.9069,7.9757,5.2448,1.5614,0.9,15.186,-1.3724,16.1089,2.9096,1.8459,-2.7527,-9.788
&svk-telge_ligacup,1,20,805,Sollentuna VK,8,Peter Blomgren,False,7.8271,-9.0,2.9519,2.7542,6.115,0.9867,1.0968,15.012,-4.6516,16.1983,3.6339,0.0483,-4.4081,-9.8933
&svk-telge_ligacup,1,21,828,Södertelge VBK,7,Deyan Marinov,False,1.5646,-9.0,3.4871,1.3528,6.4816,0.5038,0.725,21.915,-0.8709,31.0634,-1.4976,1.5965,-26.7845,-7.22
&svk-telge_ligacup,1,22,855,Södertelge VBK,7,Deyan Marinov,False,1.0328,-9.0,3.3424,5.1858,5.932,0.5849,0.6015,26.386,7.5169,27.7344,0.803,-2.0366,-9.6758,-17.9133
&svk-telge_ligacup,1,23,887,Sollentuna VK,19,Svante Fridström,False,7.6492,-9.0,2.7235,3.9631,5.6419,1.22,0.9916,15.624,-2.8154,17.5163,3.4994,-1.8193,-5.5463,-10.1169
&svk-telge_ligacup,1,24,961,Sollentuna VK,19,Svante Fridström,False,7.619,-9.0,2.8038,5.1761,5.3616,1.6307,0.9677,15.338,-2.4796,17.6927,3.1669,-0.0924,-5.8947,-9.0502
&svk-telge_ligacup,1,25,995,Södertelge VBK,9,Dario Dumancic,False,3.2174,-9.0,3.054,4.3177,6.7643,0.8515,0.6419,25.135,2.8959,28.0006,2.5154,-3.6821,-10.7198,-18.5297
&svk-telge_ligacup,1,26,1021,Sollentuna VK,2,Shawn Ogbeide,False,2.1165,-9.0,2.9073,6.2708,4.9416,0.7095,1.0846,13.937,3.9777,14.8817,3.2711,-0.2717,-3.7381,-9.7692
&svk-telge_ligacup,1,27,1058,Södertelge VBK,17,Adrian Cabanne,False,-0.1296,-9.0,2.697,5.5573,6.4927,1.3842,1.0389,16.176,6.1654,15.8748,3.4694,-1.3312,-1.8524,-9.1117
&svk-telge_ligacup,1,28,1089,Sollentuna VK,16,Christian Hansson,False,7.3569,-9.0,3.2292,8.4631,5.8665,1.1455,0.8212,18.631,2.4044,21.8833,2.6812,-2.5751,-9.2068,-12.7091
&svk-telge_ligacup,1,29,1117,Sollentuna VK,16,Christian Hansson,False,7.2169,-9.0,3.0271,5.3544,6.0322,1.4682,0.6864,22.414,-0.8627,26.2111,2.3199,-5.3924,-12.5617,-13.3767
&svk-telge_ligacup,1,30,1142,Södertelge VBK,6,Gustav Mjörnheim,True,7.3842,-8.6862,2.7361,4.5874,5.1949,0.4498,0.9833,14.953,-4.0868,15.2045,3.1752,2.5272,-2.213,-11.187
&svk-telge_ligacup,1,31,1175,Sollentuna VK,9,Jakob Molin,False,6.0677,-9.0,3.1412,4.4363,6.0111,1.046,0.9767,15.817,-1.3651,17.8565,1.9686,-0.6248,-5.0943,-8.4234
&svk-telge_ligacup,1,32,1261,Sollentuna VK,9,Jakob Molin,False,6.2753,-9.0,2.944,5.5973,5.8939,1.4841,0.9407,16.22,-0.8723,18.8426,3.4969,0.3222,-6.3988,-10.7342
&svk-telge_ligacup,1,33,1316,Sollentuna VK,5,Davyd Berezhnyi,False,7.4882,-9.0,3.3003,5.7288,6.5297,1.1628,1.073,15.081,-2.1429,17.1024,3.5228,0.9379,-4.9007,-10.2796
&svk-telge_ligacup,1,34,1340,Södertelge VBK,3,Rasmus Ling Walldén,True,8.2706,-8.2399,2.894,7.3404,5.5559,1.202,1.0667,13.357,-0.8058,14.66,3.1007,-0.1241,-3.2371,-8.7882
&svk-telge_ligacup,1,35,1381,Södertelge VBK,3,Rasmus Ling Walldén,True,8.3832,-8.4583,2.9258,8.573,5.6612,1.1581,0.9333,15.473,0.7213,16.0317,2.5719,-1.11,-1.9364,-9.5698
&svk-telge_ligacup,1,36,1420,Södertelge VBK,3,Rasmus Ling Walldén,True,8.2701,-8.3692,2.805,7.0424,5.34,2.0636,0.9,15.46,-0.9839,16.5352,2.7372,-0.8447,-2.895,-7.9134
&svk-telge_ligacup,1,37,1457,Sollentuna VK,8,Peter Blomgren,False,7.7858,-9.0,2.9914,3.0728,5.3776,0.8391,0.9572,16.288,-4.8727,17.4969,2.9956,-0.107,-5.1735,-10.9578
&svk-telge_ligacup,1,38,1502,Sollentuna VK,19,Svante Fridström,False,7.6283,-9.0,2.7734,5.5587,5.9159,1.3177,0.9786,15.699,-1.4672,18.1616,2.8578,-1.3236,-5.9669,-8.8807
&svk-telge_ligacup,1,39,1529,Södertelge VBK,9,Dario Dumancic,False,3.9529,-9.0,3.1285,4.4159,3.3856,1.126,0.9001,14.378,0.4665,15.1074,3.7144,0.1065,-2.9944,-13.1961
&svk-telge_ligacup,2,40,1749,Sollentuna VK,16,Christian Hansson,True,7.5763,-9.0197,3.1028,7.3886,6.3447,1.2588,1.0333,15.223,0.3948,16.6418,2.7329,-1.1158,-3.4316,-8.7434
&svk-telge_ligacup,2,41,1782,Sollentuna VK,16,Christian Hansson,True,8.162,-8.785,3.1958,7.1233,6.0903,2.0173,1.1,13.802,-0.1477,15.516,2.7705,-1.4483,-3.6238,-6.9852
&svk-telge_ligacup,2,42,1830,Södertelge VBK,4,Alfred Mjörnheim,False,6.4895,-9.0,2.9909,4.0036,4.9693,0.4726,0.9909,15.127,-2.0406,17.6298,4.1103,-0.9452,-7.1283,-13.4266
&svk-telge_ligacup,2,43,1897,Sollentuna VK,9,Jakob Molin,False,6.5484,-9.2847,3.0367,3.8011,6.1138,1.3472,1.0,15.983,-3.8385,16.4899,3.0111,2.1825,-2.1828,-9.4011
&svk-telge_ligacup,2,44,1935,Södertelge VBK,3,Rasmus Ling Walldén,False,7.6488,-9.0,2.7031,7.2205,4.8248,1.3772,0.9813,14.469,-0.1624,16.3893,3.5931,-0.5587,-4.6893,-10.0773
&svk-telge_ligacup,2,45,2011,Sollentuna VK,8,Peter Blomgren,True,8.5537,-9.117,2.9419,4.1959,6.5097,1.2123,1.1,15.188,-4.9805,15.1693,3.9709,1.8525,-1.7514,-10.0786
&svk-telge_ligacup,2,46,2039,Sollentuna VK,8,Peter Blomgren,True,8.7599,-9.7282,2.8573,2.5224,6.313,1.3045,1.1167,15.832,-6.7036,15.4427,4.2781,2.0021,-1.9296,-10.1529
&svk-telge_ligacup,2,47,2064,Södertelge VBK,9,Dario Dumancic,False,2.9602,-9.0,3.4087,4.6626,5.6713,1.6968,0.945,15.956,1.3903,17.4659,2.563,0.8701,-4.108,-9.2577
&svk-telge_ligacup,2,48,2088,Sollentuna VK,19,Svante Fridström,True,8.2448,-8.8894,2.9015,6.7912,5.6399,1.2815,1.0,14.939,-0.9468,16.3414,2.8613,-1.0137,-3.6241,-8.9627
&svk-telge_ligacup,2,49,2118,Södertelge VBK,17,Adrian Cabanne,False,0.2757,-9.0,2.7014,6.6592,5.3654,1.9073,1.0213,15.635,5.8016,16.1575,3.5247,0.8792,-4.0958,-8.4253
&svk-telge_ligacup,2,50,2146,Sollentuna VK,2,Shawn Ogbeide,False,1.5527,-9.0,2.962,6.0405,5.0828,1.6492,1.065,14.245,4.6814,14.1599,3.8555,-0.8781,-1.7594,-9.5549
&svk-telge_ligacup,2,51,2168,Södertelge VBK,6,Gustav Mjörnheim,False,6.9691,-9.0,2.7018,4.5379,5.3023,1.4308,0.9538,15.473,-2.5909,17.1142,2.8333,0.0879,-4.4435,-8.7354
&svk-telge_ligacup,2,52,2188,Södertelge VBK,6,Gustav Mjörnheim,False,6.8528,-9.0,2.6354,4.4354,5.1082,0.9481,0.9635,15.23,-2.4775,16.9946,2.9494,-0.0653,-4.883,-9.757
&svk-telge_ligacup,2,53,2244,Sollentuna VK,16,Christian Hansson,True,7.7695,-9.0896,3.1072,5.177,6.2904,1.1485,0.8,19.956,-1.6872,21.5833,3.0731,-3.8834,-5.8956,-13.8038
&svk-telge_ligacup,2,54,2288,Södertelge VBK,4,Alfred Mjörnheim,False,6.8996,-9.0,2.8496,5.5213,5.4372,1.6206,1.0311,14.381,-0.8143,16.8125,3.2663,-1.0134,-5.4515,-8.6478
&svk-telge_ligacup,2,55,2315,Sollentuna VK,9,Jakob Molin,False,6.6701,-9.2096,3.1445,3.3425,6.2371,1.464,1.05,15.409,-3.8511,16.1151,3.2914,1.2989,-2.6743,-9.3178
&svk-telge_ligacup,2,56,2339,Södertelge VBK,3,Rasmus Ling Walldén,False,7.7927,-9.0,2.7618,8.0819,4.7417,1.1168,1.0652,13.383,0.6878,15.6512,3.6803,-0.7816,-5.1642,-9.8099
&svk-telge_ligacup,2,57,2366,Södertelge VBK,3,Rasmus Ling Walldén,False,7.9392,-9.0,2.7038,7.4409,4.8844,0.9677,0.9472,15.106,0.0887,17.6086,3.178,-1.2982,-6.2301,-10.58
&svk-telge_ligacup,2,58,2400,Sollentuna VK,5,Davyd Berezhnyi,True,6.4291,-7.9369,3.3481,5.3253,5.5358,0.403,0.8167,17.146,-0.7871,17.4286,0.8512,-1.3823,-2.281,-10.9162
&svk-telge_ligacup,2,60,2452,Sollentuna VK,8,Peter Blomgren,True,8.5391,-9.2432,2.9388,2.3061,6.5012,1.0524,1.1167,15.676,-6.4926,15.5702,4.4094,1.6312,-2.6341,-10.923
&svk-telge_ligacup,2,61,2483,Sollentuna VK,8,Peter Blomgren,True,8.6634,-9.8428,2.7639,2.8925,5.4276,0.4544,1.1,15.39,-6.1903,15.7553,3.7344,1.7164,-3.4058,-10.6072
&svk-telge_ligacup,2,62,2559,Sollentuna VK,8,Peter Blomgren,True,8.5791,-8.7826,3.0888,2.5433,5.5636,0.4842,0.9667,16.591,-7.5171,16.1623,2.1899,2.6341,-2.7339,-10.1055
&svk-telge_ligacup,2,63,2581,Södertelge VBK,9,Dario Dumancic,False,3.978,-9.5536,2.8985,6.1948,5.6251,0.8274,0.7,22.357,4.4468,29.1195,1.6344,-3.6568,-21.2448,-13.123
&svk-telge_ligacup,2,64,2616,Sollentuna VK,19,Svante Fridström,True,8.1892,-8.9111,2.8614,6.6967,5.8834,1.5407,1.0,15.162,-0.6601,16.2046,3.0849,-1.665,-2.8202,-8.8111
&svk-telge_ligacup,2,65,2647,Sollentuna VK,19,Svante Fridström,True,8.1902,-9.3568,2.7844,7.4777,5.4974,1.2755,1.0,15.19,-1.7801,16.103,2.9634,2.1351,-2.4976,-8.9447
&svk-telge_ligacup,2,66,2720,Sollentuna VK,19,Svante Fridström,True,8.1964,-8.6714,2.8837,6.8208,5.5151,0.7438,0.9667,15.188,-0.8286,16.1267,2.6124,-1.2297,-3.0019,-9.9851
&svk-telge_ligacup,2,67,2770,Sollentuna VK,2,Shawn Ogbeide,False,1.2609,-9.0,3.0546,7.3081,4.0581,1.0974,0.9948,14.804,7.4668,13.998,2.0578,-2.7909,-1.7537,-8.0921
&svk-telge_ligacup,2,68,2800,Sollentuna VK,2,Shawn Ogbeide,False,1.4299,-9.0,3.1282,8.3822,4.2018,1.514,1.0218,14.884,7.3964,14.7382,2.412,-1.1601,-3.5593,-7.8128
&svk-telge_ligacup,2,69,2845,Södertelge VBK,13,Liam Thynne,False,1.0576,-9.0,2.8303,7.4626,5.3664,2.2475,1.0867,14.781,4.9802,15.6339,4.1743,1.6815,-4.4427,-8.6693
&svk-telge_ligacup,2,70,2883,Sollentuna VK,16,Christian Hansson,True,7.7165,-8.5843,3.0806,8.7945,6.3755,1.4155,0.9833,15.632,1.6756,16.9105,3.2917,-1.1784,-3.4519,-10.1391
&svk-telge_ligacup,2,71,2911,Södertelge VBK,4,Alfred Mjörnheim,False,7.2111,-9.0,2.8923,4.6727,5.2086,1.7846,0.9515,15.41,-3.2332,16.9862,2.9186,1.1885,-4.3156,-8.5819
&svk-telge_ligacup,2,72,2940,Sollentuna VK,9,Jakob Molin,False,6.965,-9.5193,2.9897,3.9056,6.0635,1.4506,0.9667,16.698,-3.381,17.0653,2.7299,0.4471,-1.9553,-8.9421
&svk-telge_ligacup,2,73,2964,Sollentuna VK,9,Jakob Molin,False,6.9239,-9.5973,3.0609,4.7044,6.5399,1.1761,1.0167,16.395,-2.773,17.1662,3.1142,1.1606,-2.5446,-9.7734
&svk-telge_ligacup,2,74,3007,Södertelge VBK,3,Rasmus Ling Walldén,False,7.8204,-9.0,2.6745,8.3364,4.6469,1.0799,1.0108,13.936,0.8307,16.0921,3.3956,-0.6335,-5.1275,-9.8394
&svk-telge_ligacup,3,75,3260,Södertelge VBK,2,Filip Kryske,False,6.2555,-9.0,3.396,4.5109,6.2763,0.7295,0.9369,17.056,-1.9423,18.0024,3.3408,0.1712,-3.623,-13.2072
&svk-telge_ligacup,3,76,3306,Sollentuna VK,16,Christian Hansson,False,7.0391,-9.0,3.2449,6.5738,4.8281,1.2053,1.0537,13.488,0.2963,16.2778,1.6836,-1.4006,-5.9868,-6.87
&svk-telge_ligacup,3,77,3338,Södertelge VBK,17,Adrian Cabanne,False,-0.7738,-9.0,2.6565,7.7756,4.193,0.9856,1.1001,14.687,8.5959,13.398,3.6033,-1.4993,-2.5558,-9.3118
&svk-telge_ligacup,3,78,3377,Sollentuna VK,9,Jakob Molin,False,6.2976,-9.0,2.9767,4.4316,5.9634,0.9854,1.0405,14.946,-1.8341,17.2779,3.1244,0.0781,-5.5677,-9.6845
&svk-telge_ligacup,3,79,3413,Sollentuna VK,9,Jakob Molin,False,6.2299,-9.0,3.0663,6.1462,5.6479,1.025,0.9746,15.516,0.2578,18.112,3.1133,-0.705,-6.3256,-10.6869
&svk-telge_ligacup,3,80,3474,Sollentuna VK,5,Davyd Berezhnyi,False,7.0783,-9.0,3.106,9.0068,4.8606,1.1788,0.8804,16.247,3.2338,18.7073,1.7856,-2.3699,-6.7327,-9.0291
&svk-telge_ligacup,3,82,3526,Sollentuna VK,5,Davyd Berezhnyi,False,5.4577,-9.0,3.2582,5.4287,5.5358,1.5861,0.9272,16.095,0.8956,18.0814,3.3651,-1.9992,-5.1871,-11.148
&svk-telge_ligacup,3,83,3553,Södertelge VBK,9,Dario Dumancic,False,3.3347,-9.0,3.1969,2.3824,5.8464,0.7173,0.6185,24.619,-0.9943,27.3601,1.3508,-1.7629,-10.8565,-17.3295
&svk-telge_ligacup,3,84,3584,Sollentuna VK,8,Peter Blomgren,False,7.5564,-9.0,2.9279,7.654,4.9417,1.5911,0.9763,14.656,0.3581,16.8066,3.601,-0.5288,-5.1765,-10.1812
&svk-telge_ligacup,3,85,3611,Södertelge VBK,3,Rasmus Ling Walldén,True,8.4724,-9.1115,2.7299,8.0912,5.3023,1.5863,1.0333,14.29,-0.1184,15.1492,3.8084,-0.4849,-2.3234,-9.5132
&svk-telge_ligacup,3,86,3635,Sollentuna VK,19,Svante Fridström,False,7.4827,-9.0,2.7183,6.8438,4.6594,1.0101,0.9539,14.864,-0.3447,17.4929,3.8908,-0.6815,-6.6532,-11.9122
&svk-telge_ligacup,3,87,3668,Södertelge VBK,6,Gustav Mjörnheim,True,7.7042,-8.9277,2.8076,2.3916,4.2566,0.5072,0.9833,15.016,-5.9369,14.8961,3.2629,1.0867,-3.0273,-11.3944
&svk-telge_ligacup,3,88,3704,Sollentuna VK,2,Shawn Ogbeide,False,1.9355,-9.0,2.8132,8.6871,4.6138,1.4502,1.0338,15.028,6.0318,15.1742,3.2969,0.965,-3.8807,-8.9283
&svk-telge_ligacup,3,89,3787,Sollentuna VK,2,Shawn Ogbeide,True,1.9142,-8.8827,2.8381,6.2063,4.5551,2.1899,0.9,15.907,4.1123,16.4957,3.6263,1.4592,-3.4776,-9.6588
&svk-telge_ligacup,3,90,3862,Södertelge VBK,17,Adrian Cabanne,False,-0.5275,-9.0,2.7839,7.0122,4.6856,1.3023,0.9978,15.966,8.0973,15.1489,3.14,-1.0848,-2.8732,-9.2697
&svk-telge_ligacup,3,91,3887,Sollentuna VK,9,Jakob Molin,False,6.0733,-9.0,3.0529,3.3984,4.8271,0.3687,0.9394,15.618,-3.2619,17.0284,2.5533,0.8821,-4.9157,-11.52
&svk-telge_ligacup,3,92,3920,Södertelge VBK,7,Deyan Marinov,False,1.33,-9.0,3.1639,3.4158,5.986,1.0715,0.7978,19.478,2.5875,20.4078,3.4416,0.0672,-4.0715,-15.2018
&svk-telge_ligacup,3,93,3957,Södertelge VBK,7,Deyan Marinov,False,1.3007,-9.0,3.3768,6.9209,5.519,0.5643,0.7825,20.516,8.1359,21.2579,2.0286,-2.4378,-6.9108,-14.3709
&svk-telge_ligacup,3,94,3984,Sollentuna VK,5,Davyd Berezhnyi,False,6.8386,-9.0,3.0631,7.7561,5.2409,1.2107,0.842,17.291,0.6257,19.6024,1.9934,1.1018,-6.3881,-9.9602
&svk-telge_ligacup,3,95,4084,Sollentuna VK,20,Gustaf Lindén,False,7.4056,-9.0,2.7602,9.4131,4.9797,1.7923,1.1276,12.858,0.9484,16.0045,3.478,1.4753,-6.3976,-7.691
&svk-telge_ligacup,3,96,4117,Södertelge VBK,3,Rasmus Ling Walldén,True,8.2756,-8.2211,2.9387,7.4831,5.1553,1.2353,0.9,15.216,-1.5339,15.8388,2.3196,1.4519,-2.169,-9.3605
&svk-telge_ligacup,3,97,4139,Sollentuna VK,19,Svante Fridström,False,7.5585,-9.0,2.8675,6.2419,4.7633,1.1728,0.8996,15.717,-0.476,18.1989,2.2817,-2.1956,-6.4459,-9.2613
&svk-telge_ligacup,3,98,4203,Sollentuna VK,19,Svante Fridström,False,7.5274,-9.0,2.6844,7.6413,4.7308,2.4459,0.9124,15.274,1.2002,17.8606,4.0339,-2.3571,-6.1636,-9.415
&svk-telge_ligacup,3,99,4250,Sollentuna VK,19,Svante Fridström,False,7.6185,-9.0,2.8194,5.2456,5.4252,1.127,0.9695,15.475,-1.294,17.6562,2.9444,-2.3797,-5.7286,-9.6753
&svk-telge_ligacup,3,100,4305,Södertelge VBK,14,Lucas Olanders,False,5.6486,-9.0,2.9921,3.39,3.3877,0.4212,1.1578,11.767,-2.0793,12.0572,4.4827,0.222,-2.3459,-11.5789
&svk-telge_ligacup,3,102,4366,Södertelge VBK,14,Lucas Olanders,False,6.2143,-9.161,2.9553,4.711,6.1855,0.4166,0.7667,20.655,-1.5537,24.2223,1.7771,-1.0621,-10.9701,-13.2745
&svk-telge_ligacup,3,103,4472,Sollentuna VK,2,Shawn Ogbeide,False,1.5843,-9.0,2.8216,6.6966,6.0458,1.6175,1.0524,15.297,5.7029,16.2251,2.4534,-1.6061,-3.6648,-6.8368
&svk-telge_ligacup,3,104,4503,Sollentuna VK,2,Shawn Ogbeide,False,1.8746,-9.0,2.8137,7.216,5.1248,0.7317,1.0415,14.98,4.7567,16.0362,3.1575,0.7135,-4.7523,-9.9015
&svk-telge_ligacup,3,105,4527,Södertelge VBK,2,Filip Kryske,False,6.8735,-9.3988,3.0979,3.6645,6.4663,1.1611,0.6833,24.135,-4.1843,26.4309,3.0771,-1.4981,-9.4062,-17.3017
&svk-telge_ligacup,3,106,4577,Södertelge VBK,17,Adrian Cabanne,False,-0.3712,-9.0,3.2812,6.2344,5.1802,0.6765,1.0041,15.946,7.3925,15.9309,0.9257,-1.6211,-3.6023,-7.0109
&svk-telge_ligacup,3,107,4603,Södertelge VBK,17,Adrian Cabanne,False,-0.3537,-9.0,2.8176,5.2601,6.0346,1.7234,1.0912,15.037,6.8614,14.1289,3.8815,-3.1467,-0.6429,-8.9522
&svk-telge_ligacup,3,108,4630,Södertelge VBK,17,Adrian Cabanne,False,-0.5103,-9.0,2.952,6.4292,5.7504,1.511,0.9711,16.969,8.0104,16.7146,1.8141,-1.7802,-3.1415,-6.792
&svk-telge_ligacup,3,109,4664,Sollentuna VK,9,Jakob Molin,False,6.0398,-9.0,2.9695,5.0848,4.5593,0.9319,0.8852,15.846,-1.4051,17.9741,2.8326,0.7373,-6.0021,-11.6005
&svk-telge_ligacup,3,110,4694,Sollentuna VK,9,Jakob Molin,False,6.2295,-9.0,2.8858,4.4663,5.235,0.7459,0.8896,16.579,-0.7236,18.683,2.2648,-2.8288,-6.0292,-10.4993
&svk-telge_ligacup,3,111,4721,Sollentuna VK,9,Jakob Molin,False,6.4267,-9.0,2.8844,4.4412,5.2794,0.8245,0.8909,16.585,-0.9655,18.771,1.9492,-2.8356,-6.1585,-9.5658
&svk-uppsala,1,1,75,Uppsala,3,Gustav Molin,False,6.6476,-9.8672,2.6666,4.5909,6.4451,0.6575,1.1333,15.013,-2.6307,16.5132,3.9413,1.44,-3.741,-10.0836
&svk-uppsala,1,2,96,Uppsala,3,Gustav Molin,False,7.2918,-10.0191,2.5809,5.1245,4.8,0.8664,1.2,13.082,-1.519,15.1435,4.5957,-0.4785,-4.6572,-10.0407
&svk-uppsala,1,3,122,Sollentuna VK,17,Johan Nilsson,True,7.8101,-8.2199,2.8524,6.2753,5.5896,0.3003,1.1333,12.856,-1.6751,13.9233,2.9925,0.5663,-3.068,-9.2547
&svk-uppsala,1,4,150,Uppsala,17,Theodor Neovius,True,8.0448,-9.0466,2.7669,3.5618,5.5548,0.7121,1.4,11.629,-3.694,12.5915,4.8268,0.7026,-3.0884,-8.9922
&svk-uppsala,1,5,278,Sollentuna VK,20,Gustaf Lindén,True,7.4964,-8.3021,2.9014,3.399,6.4611,0.9626,1.1,14.372,-4.749,15.2327,3.3338,1.862,-3.2937,-9.2661
&svk-uppsala,1,6,300,Uppsala,7,Edvin Källströmer,False,7.8934,-9.402,2.6282,5.2695,5.0372,1.2241,1.0667,14.168,-2.8423,15.768,3.8876,0.7171,-4.1836,-9.7575
&svk-uppsala,1,7,322,Uppsala,7,Edvin Källströmer,False,7.8863,-9.6392,2.5916,4.6193,5.2586,1.8029,1.0333,15.095,-3.1718,16.7962,4.4084,0.0197,-4.6043,-10.0095
&svk-uppsala,1,8,347,Sollentuna VK,19,Axel Wendt,True,7.4672,-8.4362,2.8816,5.3282,6.1719,1.5839,1.0833,13.974,-1.66,15.1968,3.5884,-0.5804,-3.1614,-8.8363
&svk-uppsala,1,9,379,Uppsala,12,Pontus Hedebark,True,8.1223,-8.626,3.1587,1.7044,5.4754,0.6021,0.7333,21.77,-9.4847,23.2745,2.6663,1.9996,-11.0326,-16.7795
&svk-uppsala,1,10,407,Uppsala,12,Pontus Hedebark,True,8.1249,-8.4855,3.1979,5.5084,6.4266,0.744,0.6333,24.497,-4.0621,27.5691,1.9081,-0.2189,-12.7061,-18.2608
&svk-uppsala,1,11,436,Sollentuna VK,18,Diego Zagai Roel,True,1.9222,-8.3239,2.962,6.161,5.9578,1.4585,1.05,14.637,4.1923,15.6694,4.1075,-0.2959,-3.9384,-10.5512
&svk-uppsala,1,12,476,Uppsala,3,Gustav Molin,False,6.6916,-10.0465,2.8149,6.6876,4.9105,0.7968,1.1333,13.615,-0.3631,15.4777,2.8545,0.6345,-4.0243,-8.1797
&svk-uppsala,1,13,501,Sollentuna VK,17,Johan Nilsson,True,7.6759,-9.2022,2.646,6.0215,6.6516,1.0084,1.25,13.245,-1.6305,14.6502,4.3088,0.4911,-3.1475,-8.9902
&svk-uppsala,1,14,526,Sollentuna VK,17,Johan Nilsson,True,7.7264,-8.3101,2.8773,7.5184,6.4431,0.7382,1.0,15.236,-0.8997,16.1574,3.1304,1.3835,-2.8082,-10.5389
&svk-uppsala,1,15,551,Uppsala,17,Theodor Neovius,True,7.5558,-8.945,2.9299,5.4331,3.6674,1.203,0.9667,13.74,-2.3527,15.0061,3.638,0.3243,-4.0527,-11.2231
&svk-uppsala,1,16,574,Uppsala,17,Theodor Neovius,False,7.818,-9.4252,2.804,2.5686,7.0799,1.5349,1.2,14.82,-5.4514,16.0705,4.2875,1.7947,-3.8604,-8.9085
&svk-uppsala,1,17,614,Sollentuna VK,14,Kai Wendler,True,3.5991,-8.8786,2.8459,3.3515,4.6953,0.4533,1.0333,13.752,-0.1453,15.6626,3.1211,-0.1825,-4.89,-10.5224
&svk-uppsala,1,18,642,Uppsala,6,Hugo Sörvik Sjölin,True,1.4737,-9.5328,3.097,2.7032,6.2215,1.5879,1.1,14.698,1.4281,16.7094,3.2461,-0.5643,-4.3405,-8.3964
&svk-uppsala,1,19,708,Uppsala,13,Oliver Reed,True,7.1858,-9.7019,3.1423,1.7529,5.8638,1.1248,0.9333,18.235,-6.0124,19.5336,4.4139,0.4104,-6.1203,-14.0903
&svk-uppsala,1,20,816,Sollentuna VK,20,Gustaf Lindén,True,7.6367,-8.4341,3.0142,6.6353,5.92,1.2272,0.95,15.436,-1.3273,16.5119,1.977,0.5751,-2.9523,-8.1223
&svk-uppsala,1,21,841,Uppsala,7,Edvin Källströmer,False,7.9928,-9.486,2.6302,5.3948,5.6566,1.2782,1.1167,14.163,-2.0957,15.3191,4.0796,-0.4135,-3.1495,-9.4753
&svk-uppsala,1,22,861,Uppsala,7,Edvin Källströmer,False,7.7982,-9.5526,2.5607,7.1627,5.5204,2.1717,1.05,14.634,-1.1806,16.2355,4.3193,1.0958,-3.5814,-8.933
&svk-uppsala,1,23,883,Uppsala,7,Edvin Källströmer,False,7.9281,-9.4811,2.6502,6.1814,5.8966,1.551,1.0,15.732,-1.0525,16.8394,3.2466,-1.3882,-2.9234,-8.6915
&svk-uppsala,1,24,950,Uppsala,7,Edvin Källströmer,False,7.8007,-9.4087,2.5608,7.0079,4.9611,1.4755,0.9667,15.201,-1.0849,16.6016,3.7097,0.5478,-3.5924,-9.9982
&svk-uppsala,1,25,975,Sollentuna VK,19,Axel Wendt,True,7.2896,-8.2337,2.8936,7.4904,6.0264,1.6405,0.9167,15.782,0.5031,16.6403,2.4839,-0.6197,-2.3647,-8.402
&svk-uppsala,1,26,1022,Sollentuna VK,18,Diego Zagai Roel,True,1.8173,-9.4458,2.7739,4.2894,5.7042,1.0215,1.2,13.297,1.3311,15.1132,3.9635,1.215,-4.147,-9.0397
&svk-uppsala,1,27,1050,Uppsala,3,Gustav Molin,True,6.5925,-9.7637,2.7355,3.5753,5.7143,0.9326,1.1,14.802,-3.3556,16.2233,3.8724,1.1139,-3.9134,-10.0207
&svk-uppsala,1,28,1075,Sollentuna VK,17,Johan Nilsson,True,7.882,-7.9173,2.8566,7.5706,6.0232,0.3588,1.0333,14.009,0.1047,14.8448,2.42,-0.7861,-2.6207,-9.3624
&svk-uppsala,1,29,1102,Uppsala,17,Theodor Neovius,True,7.6005,-8.3653,3.1092,4.9027,5.0485,0.8512,1.0333,13.787,-3.7226,14.9984,2.9705,2.152,-3.9046,-9.9788
&svk-uppsala,1,30,1126,Uppsala,17,Theodor Neovius,True,7.6054,-8.604,3.0315,5.733,4.3118,0.3636,1.0333,13.36,-1.0522,15.0447,3.0498,-1.4707,-4.9268,-10.8997
&svk-uppsala,1,31,1164,Sollentuna VK,14,Kai Wendler,True,2.8919,-8.9538,2.8046,3.8766,5.344,0.6401,1.05,14.213,0.8222,16.1309,3.4968,0.2201,-4.7884,-10.5871
&svk-uppsala,1,32,1204,Uppsala,6,Hugo Sörvik Sjölin,True,1.4876,-9.8887,3.0577,6.9903,2.7189,0.4623,1.2667,11.625,5.3417,11.8254,3.9544,-1.575,-2.9558,-9.4791
&svk-uppsala,2,33,1399,Sollentuna VK,17,Johan Nilsson,True,7.8858,-8.3796,2.8911,8.1217,4.7389,1.2615,0.9333,14.433,0.166,15.4535,2.9136,0.1859,-2.9954,-9.9848
&svk-uppsala,2,34,1429,Sollentuna VK,17,Johan Nilsson,True,7.7207,-8.5725,2.8456,8.4783,4.9833,1.3229,0.8667,15.917,1.2982,16.8784,1.9238,-0.9787,-2.855,-8.4941
&svk-uppsala,2,35,1458,Sollentuna VK,17,Johan Nilsson,True,7.7774,-8.6105,2.8002,7.6434,7.2054,0.9604,1.1333,14.416,-0.4386,16.1308,3.7591,0.5655,-3.8392,-9.4985
&svk-uppsala,2,36,1482,Uppsala,3,Gustav Molin,True,6.2808,-9.4955,2.8568,3.9401,5.5898,1.1859,1.1333,13.896,-1.661,16.1732,3.5144,-0.7134,-5.0517,-8.8038
&svk-uppsala,2,37,1529,Uppsala,17,Theodor Neovius,True,7.4712,-9.0765,2.8893,6.6774,4.9296,2.009,0.9667,14.786,-0.4902,16.621,3.5859,-0.6848,-4.4108,-9.3032
&svk-uppsala,2,38,1566,Sollentuna VK,5,Davyd Berezhnyi,True,7.1205,-9.367,3.1591,5.6335,5.6854,0.9438,1.0167,15.251,-1.5893,16.4727,2.0481,0.2491,-3.2793,-8.3156
&svk-uppsala,2,39,1589,Sollentuna VK,5,Davyd Berezhnyi,True,6.0771,-9.0022,3.1918,7.9459,5.5013,1.4769,0.9,16.495,3.2559,17.9213,1.4253,-2.621,-4.014,-7.4015
&svk-uppsala,2,40,1621,Uppsala,6,Hugo Sörvik Sjölin,True,0.8554,-9.6791,2.699,3.3919,5.6531,1.0768,1.0667,14.93,2.6637,17.1141,3.2003,-0.5358,-5.1379,-8.8521
&svk-uppsala,2,41,1648,Sollentuna VK,20,Gustaf Lindén,True,7.4727,-8.5521,2.9774,5.4461,5.5342,0.8319,1.0833,13.597,-2.5575,15.1226,2.7498,1.2681,-3.9136,-8.7327
&svk-uppsala,2,42,1729,Sollentuna VK,20,Gustaf Lindén,True,7.6045,-7.9396,2.8932,6.384,5.0889,1.1827,0.9333,14.415,-0.9599,15.8166,2.8121,-0.7451,-3.9803,-9.9532
&svk-uppsala,2,43,1776,Uppsala,15,Oskar Törner,True,6.3964,-9.1305,2.7644,6.2134,3.4005,0.8589,1.0333,12.698,-0.3965,14.5421,3.5437,0.4247,-4.6749,-10.428
&svk-uppsala,2,44,1798,Uppsala,15,Oskar Törner,True,5.9604,-8.4323,2.9632,6.2798,4.2469,1.6004,0.9667,13.536,0.6327,15.442,3.5868,-0.6254,-4.8116,-10.3378
&svk-uppsala,2,45,1846,Sollentuna VK,14,Kai Wendler,True,1.6745,-9.6247,2.61,3.9105,5.5,0.848,1.05,15.0,1.9068,17.0331,3.549,0.4243,-5.0069,-9.9562
&svk-uppsala,2,46,1880,Sollentuna VK,14,Kai Wendler,True,2.6706,-8.8319,2.8975,4.7644,6.1988,1.5183,1.0667,14.583,2.0191,16.4839,3.5692,-0.1053,-4.4862,-9.1166
&svk-uppsala,2,47,1903,Uppsala,7,Edvin Källströmer,False,7.591,-9.6542,2.7367,2.9245,5.2943,1.0669,1.1,14.612,-4.8957,16.6772,3.1971,1.1882,-5.6139,-8.5729
&svk-uppsala,2,48,1930,Sollentuna VK,18,Diego Zagai Roel,True,1.6999,-9.456,2.7397,2.8302,6.19,0.9126,1.0333,15.541,1.4373,17.6567,2.8413,-0.6647,-4.8684,-8.9216
&svk-uppsala,2,49,1959,Uppsala,2,Linus Stjernberg,True,1.6489,-8.9529,2.9268,5.4838,5.713,1.0725,1.1,14.24,4.1627,15.4983,3.5658,-1.23,-3.9375,-9.5482
&svk-uppsala,2,50,1984,Uppsala,2,Linus Stjernberg,True,0.9864,-9.8235,2.7316,6.0938,4.7062,0.9038,1.1333,14.057,5.6983,15.2888,3.6549,-2.1031,-4.3561,-9.2957
&svk-uppsala,2,51,2008,Sollentuna VK,17,Johan Nilsson,True,7.4245,-9.078,2.745,5.7731,5.9787,0.798,1.0667,14.63,-1.6413,16.0007,3.1993,0.1746,-3.5346,-9.421
&svk-uppsala,2,52,2033,Uppsala,12,Pontus Hedebark,True,7.8839,-9.1373,3.1167,3.4917,6.4715,0.844,0.8,20.843,-7.6889,22.0747,3.4741,5.4964,-6.4093,-15.7875
&svk-uppsala,2,53,2057,Sollentuna VK,9,Jakob Molin,True,6.4787,-9.8241,3.0086,6.4105,5.2208,0.8027,1.0667,14.598,0.1167,15.8399,3.1934,-0.3388,-3.2537,-9.8653
&svk-uppsala,2,54,2083,Uppsala,17,Theodor Neovius,True,7.5414,-9.19,2.7939,7.3609,4.1786,1.3787,0.85,15.975,-0.4341,17.6708,2.0244,0.5217,-4.5719,-8.6809
&svk-uppsala,2,55,2111,Uppsala,17,Theodor Neovius,False,7.5415,-9.5792,2.7448,6.6003,5.9969,1.3577,1.0333,15.472,-1.5467,17.329,3.8041,1.2306,-4.3653,-9.9609
&svk-uppsala,2,56,2191,Uppsala,17,Theodor Neovius,True,7.3461,-9.1991,2.7913,7.8785,4.9571,1.5626,0.95,15.159,0.7723,16.5109,2.7348,-0.4461,-3.3886,-8.4805
&svk-uppsala,2,57,2219,Uppsala,17,Theodor Neovius,False,7.3579,-9.7443,2.8559,5.2834,8.9206,0.1349,1.35,14.581,-1.0028,17.1284,4.2443,-0.7908,-4.8926,-9.2738
&svk-uppsala,2,58,2244,Uppsala,17,Theodor Neovius,False,7.6434,-9.7076,2.8165,2.399,6.177,1.9549,1.0833,15.725,-5.7361,16.4268,4.0619,1.6524,-3.2568,-8.9671
&svk-uppsala,2,59,2268,Uppsala,17,Theodor Neovius,False,7.6118,-9.5851,2.8827,5.0039,6.1072,0.831,0.85,19.157,-2.1929,20.4932,3.0007,-2.0595,-4.7804,-12.7399
&svk-uppsala,2,60,2295,Uppsala,17,Theodor Neovius,False,7.2932,-9.6468,2.7546,5.458,5.9555,1.014,1.0667,15.11,-1.9654,16.4697,3.3245,0.4591,-3.4548,-9.2931
&svk-uppsala,2,61,2343,Uppsala,6,Hugo Sörvik Sjölin,True,1.007,-8.7889,2.9995,4.899,5.1269,0.6455,1.2,12.648,4.4912,13.9834,3.4436,-2.0797,-3.9781,-9.0088
&svk-uppsala,2,62,2389,Sollentuna VK,20,Gustaf Lindén,True,7.4343,-8.3378,2.9209,5.5309,5.8927,1.3269,0.9833,14.933,-2.4201,15.8192,2.8995,0.9853,-2.7406,-9.1943
&svk-uppsala,2,63,2410,Sollentuna VK,20,Gustaf Lindén,True,7.4813,-8.4318,2.8733,4.8004,5.7664,1.2068,0.95,15.515,-2.4478,16.6001,2.4022,-0.7878,-3.4833,-8.7505
&svk-uppsala,2,64,2500,Uppsala,15,Oskar Törner,True,6.297,-8.9142,2.9107,7.7934,4.8392,1.7405,0.9333,15.101,1.4889,16.9792,3.0542,0.2451,-4.8073,-9.2315
&svk-uppsala,2,65,2521,Sollentuna VK,14,Kai Wendler,True,1.9451,-9.3931,2.8159,1.1413,5.8458,1.0976,1.15,13.669,-1.2343,15.3031,3.347,0.9309,-3.5685,-8.4194
&svk-uppsala,2,66,2555,Uppsala,7,Edvin Källströmer,False,7.8274,-9.7513,2.671,2.9138,5.5887,1.2405,1.2,13.863,-4.5715,16.0123,4.1184,0.7948,-5.3816,-8.8507
&svk-uppsala,2,67,2592,Uppsala,7,Edvin Källströmer,False,7.5291,-9.8145,2.6387,2.395,5.1528,1.1763,1.0167,15.921,-6.1705,16.2986,3.6338,2.2044,-3.1015,-9.9782
&svk-uppsala,2,68,2616,Sollentuna VK,18,Diego Zagai Roel,True,1.9101,-9.1664,2.8082,7.5396,4.9152,1.6396,0.9833,15.672,5.9342,16.0609,3.0428,-0.4257,-3.5403,-8.6057
&svk-uppsala,2,69,2641,Uppsala,2,Linus Stjernberg,True,1.5754,-9.2703,2.8307,6.7861,4.7661,1.1666,0.9833,15.575,6.6947,15.9583,2.9189,-2.8385,-3.4252,-9.3786
&svk-uppsala,2,70,2665,Sollentuna VK,17,Johan Nilsson,True,7.7392,-8.3929,2.9018,6.5206,6.4877,1.4817,1.0667,14.289,-1.108,15.5723,2.9464,-0.0646,-3.0407,-8.0208
&svk-uppsala,2,71,2691,Sollentuna VK,17,Johan Nilsson,True,7.8713,-8.7092,2.8736,8.3752,5.661,1.4641,1.0333,14.26,0.3287,15.4767,3.3665,0.3077,-3.0389,-9.1558
&svk-uppsala,2,72,2740,Uppsala,12,Pontus Hedebark,True,7.4281,-8.4109,3.2236,3.2212,5.682,0.7765,0.6667,22.69,-7.3433,25.0195,2.3735,3.0991,-11.6404,-18.1327
&svk-uppsala,2,73,2762,Uppsala,12,Pontus Hedebark,True,7.7479,-8.5279,3.1035,2.7476,6.1672,0.8979,0.6167,25.669,-8.0914,27.772,1.9271,-0.056,-12.7847,-17.8501
&svk-uppsala,2,74,2788,Sollentuna VK,9,Jakob Molin,True,6.5196,-9.3286,3.0764,3.1089,5.9559,0.5582,0.9167,17.59,-2.9288,18.3509,2.4647,-1.7278,-3.6589,-11.3715
&svk-uppsala,3,75,2982,Uppsala,15,Oskar Törner,True,6.199,-8.5613,3.0143,2.7573,5.6552,0.9432,1.2833,11.921,-2.7208,13.9792,3.357,0.0606,-4.5217,-7.7468
&svk-uppsala,3,76,3019,Sollentuna VK,17,Johan Nilsson,True,8.0545,-8.3883,2.8447,7.6624,6.6277,1.3237,1.15,13.593,-0.9679,15.2657,4.576,1.0904,-3.8406,-10.2584
&svk-uppsala,3,77,3070,Sollentuna VK,9,Jakob Molin,True,6.4889,-9.6519,3.0527,3.0823,5.046,1.2851,1.0,15.486,-3.54,16.1844,3.3214,0.2668,-2.973,-10.1781
&svk-uppsala,3,78,3097,Uppsala,2,Linus Stjernberg,True,1.2148,-9.6558,2.7616,6.1267,6.7354,1.4653,1.1833,14.818,5.5255,16.2155,3.9422,-2.3233,-3.9951,-8.5144
&svk-uppsala,3,79,3126,Uppsala,2,Linus Stjernberg,True,1.3775,-9.4416,2.9141,4.6306,5.213,0.4994,1.15,13.615,3.3906,15.3696,3.1756,-0.9771,-4.5678,-9.1745
&svk-uppsala,3,80,3156,Sollentuna VK,5,Davyd Berezhnyi,True,6.6997,-8.7877,3.1821,8.5601,5.576,0.8414,0.9333,15.982,2.0668,17.3067,2.2528,-0.1575,-4.1077,-10.2016
&svk-uppsala,3,81,3181,Uppsala,13,Oliver Reed,True,7.6813,-9.6452,3.1253,2.4406,5.6168,0.635,0.8,20.735,-6.0208,22.5894,2.594,-1.3254,-8.7797,-14.2672
&svk-uppsala,3,82,3205,Sollentuna VK,20,Gustaf Lindén,True,7.499,-8.5139,2.7499,4.1849,8.4352,0.0594,1.1333,15.881,-3.4162,17.0451,3.9602,0.8682,-3.6882,-11.1779
&svk-uppsala,3,83,3246,Uppsala,7,Edvin Källströmer,False,7.8788,-9.5795,2.5649,6.3998,5.7192,1.7653,1.0333,15.114,-1.1974,16.8867,3.545,-0.4527,-4.0287,-8.3588
&svk-uppsala,3,84,3270,Uppsala,7,Edvin Källströmer,False,7.822,-9.7782,2.5649,6.1853,5.3582,0.7201,1.0833,14.533,-1.6976,16.1801,3.7723,0.3447,-4.0762,-10.1082
&svk-uppsala,3,85,3290,Uppsala,7,Edvin Källströmer,False,7.7343,-9.5668,2.6239,7.0497,5.3927,1.7721,1.0833,14.13,-0.3074,16.089,3.9497,-0.599,-4.2097,-8.7433
&svk-uppsala,3,86,3314,Sollentuna VK,19,Axel Wendt,True,7.1087,-8.6522,2.9218,7.6095,5.1886,1.3186,1.0167,13.989,0.5024,15.5921,3.0122,-0.0195,-3.8914,-9.0277
&svk-uppsala,3,87,3358,Sollentuna VK,18,Diego Zagai Roel,True,2.0042,-9.4764,2.7395,3.5754,5.54,0.9368,1.1167,14.076,1.2615,16.3749,4.2402,0.2606,-5.2429,-10.4859
&svk-uppsala,3,88,3397,Uppsala,15,Oskar Törner,True,6.3555,-8.6476,2.8863,6.6622,5.4851,1.849,1.05,13.721,-0.1767,16.0167,3.046,0.893,-4.8705,-7.6836
&svk-uppsala,3,89,3423,Sollentuna VK,17,Johan Nilsson,True,7.394,-8.5766,2.9089,3.6489,5.0899,1.5595,1.0667,13.692,-4.0716,14.7732,3.8816,1.051,-3.6767,-9.6501
&svk-uppsala,3,90,3454,Uppsala,17,Theodor Neovius,False,7.7401,-9.3413,2.807,2.2661,6.3027,1.1856,1.2333,13.968,-4.6918,16.2709,4.4657,0.4109,-5.816,-9.3735
&svk-uppsala,3,91,3478,Uppsala,17,Theodor Neovius,False,7.7143,-9.7851,2.8673,4.5156,5.4889,1.2766,0.9167,17.304,-3.3555,17.964,2.5972,-0.2924,-2.8397,-9.4526
&svk-uppsala,3,92,3506,Sollentuna VK,9,Jakob Molin,True,6.4066,-8.8996,2.9916,3.2578,6.1247,1.6224,1.0333,15.202,-3.5861,16.325,3.6297,1.043,-3.4555,-9.5899
&svk-uppsala,3,93,3577,Sollentuna VK,5,Davyd Berezhnyi,True,7.1475,-9.3148,3.1084,7.2949,6.0528,1.3323,1.0167,15.46,-0.0491,16.7408,2.8286,0.3819,-3.1969,-9.0012
&svk-uppsala,3,94,3603,Uppsala,13,Oliver Reed,True,6.5888,-8.6157,3.1957,2.7344,5.9669,0.4607,0.7667,20.179,-6.697,25.6842,-0.1434,4.3552,-17.3828,-8.9318
&svk-uppsala,3,95,3643,Sollentuna VK,20,Gustaf Lindén,True,7.4133,-8.3334,2.8355,4.8383,5.6921,1.6192,1.05,13.971,-2.578,15.688,3.9699,0.2394,-4.4389,-9.7681
&svk-uppsala,3,96,3660,Sollentuna VK,20,Gustaf Lindén,True,7.3896,-8.6581,2.8224,4.0677,5.596,1.3089,0.9667,15.481,-3.3492,16.3681,3.178,-0.1804,-3.3567,-9.8145
&svk-uppsala,3,97,3684,Uppsala,7,Edvin Källströmer,False,7.7368,-9.6299,2.5465,6.3268,4.9877,0.4652,1.1,13.99,-1.4455,16.2664,4.2165,0.2976,-5.4139,-11.1066
&svk-uppsala,3,98,3705,Uppsala,7,Edvin Källströmer,False,7.8419,-9.7029,2.606,6.3627,6.1332,1.5558,1.0833,14.962,-1.3895,17.0392,3.5707,0.0445,-4.4701,-8.3818
&svk-uppsala,3,99,3820,Sollentuna VK,19,Axel Wendt,True,7.3241,-8.453,2.7837,7.2536,5.147,1.9018,0.9167,15.055,-0.3209,16.2107,3.0575,0.5322,-2.9987,-8.77
&svk-uppsala,3,100,3846,Uppsala,6,Hugo Sörvik Sjölin,True,0.9852,-9.8161,2.747,3.1974,4.1987,0.7576,1.2,12.384,2.7038,14.3559,3.6897,-1.4338,-4.4614,-8.9125
&svk-uppsala,3,101,3868,Sollentuna VK,18,Diego Zagai Roel,True,2.3476,-8.7743,2.9219,7.8318,4.4227,1.3346,1.0,14.71,5.1696,15.4352,3.49,0.6293,-4.4764,-10.1546
&svk-uppsala,3,102,3897,Uppsala,15,Oskar Törner,True,6.2085,-8.5719,2.9648,3.6976,5.4981,1.2165,1.0667,13.887,-1.4393,16.152,3.5257,-1.7149,-5.5526,-9.6839
&svk-uppsala,3,103,3924,Uppsala,15,Oskar Törner,True,6.1858,-8.8892,2.9843,5.1287,2.9378,0.208,1.2333,10.515,-1.2124,11.9032,3.6298,0.5761,-3.752,-9.5365
&svk-uppsala,3,104,3952,Uppsala,15,Oskar Törner,True,6.3079,-9.3037,2.737,4.6867,5.2816,1.7954,1.1,13.682,-1.5388,15.932,4.0045,0.1182,-4.8593,-8.8372
&svk-uppsala,3,105,3985,Sollentuna VK,17,Johan Nilsson,True,7.6263,-9.7984,2.7012,6.7484,5.8769,1.2694,1.15,14.033,-1.5075,15.4479,3.7732,1.2942,-3.1604,-8.7273
&svk-uppsala,3,106,4017,Uppsala,17,Theodor Neovius,False,7.4779,-9.6148,2.8487,7.9107,5.6972,1.202,1.0833,14.553,0.7346,16.3755,3.6178,-0.6187,-4.138,-9.4854
&svk-uppsala,3,107,4040,Sollentuna VK,9,Jakob Molin,True,6.4653,-9.0127,2.9285,2.6329,5.7365,1.4512,0.95,16.349,-3.8335,17.2414,3.0341,-0.4224,-3.6124,-9.6613
&svk-uppsala,3,108,4066,Uppsala,2,Linus Stjernberg,True,1.3404,-9.3202,2.7844,6.4018,5.7968,1.3168,1.1,14.89,5.219,16.1507,3.9059,-1.1234,-4.3782,-9.5275
&svk-uppsala,3,109,4094,Sollentuna VK,5,Davyd Berezhnyi,True,6.8504,-8.8395,3.2567,4.8832,5.4574,1.3208,0.9333,15.798,-2.6444,17.2959,1.9889,1.1503,-4.238,-8.7066
&svk-uppsala,3,110,4132,Uppsala,13,Oliver Reed,False,7.47,-9.9272,3.1517,1.641,5.6447,1.3252,0.8667,19.644,-6.3681,21.1095,3.7913,-0.8253,-7.2506,-13.6126
&svk-uppsala,3,111,4161,Sollentuna VK,20,Gustaf Lindén,True,7.5255,-8.4998,2.8519,5.5395,5.3523,0.6008,1.1,13.409,-2.0642,14.5697,4.1875,0.4703,-3.5943,-11.3345
&svk-vingåker_ligacup,1,1,125,Sollentuna VK,16,Christian Hansson,False,6.7837,-9.0,2.9157,5.1732,6.2698,1.6706,0.9876,15.803,-1.2842,17.8741,2.9026,-0.7017,-4.8848,-8.4317
&svk-vingåker_ligacup,1,2,160,Vingĺkers VBK,1,Kalle Bergström,False,0.9148,-9.0,2.8263,5.6356,5.6412,1.254,1.024,15.427,6.3651,14.7047,3.6657,-3.4276,-0.7948,-10.1583
&svk-vingåker_ligacup,1,3,184,Vingĺkers VBK,1,Kalle Bergström,False,0.4384,-9.0,2.7896,4.9881,5.9934,1.7064,1.0159,15.787,6.2184,14.8607,4.2179,-3.4253,-0.2005,-10.4029
&svk-vingåker_ligacup,1,4,216,Sollentuna VK,9,Jakob Molin,False,6.2931,-9.0,2.9565,4.9941,5.6911,1.6599,0.9625,15.599,-1.1876,18.0589,2.8769,-0.3365,-5.8088,-8.7773
&svk-vingåker_ligacup,1,5,258,Vingĺkers VBK,9,Nezar Harouk,False,4.8944,-9.0568,3.3651,3.2877,6.3903,0.8348,0.6833,23.326,-2.1162,25.4737,2.3517,-0.688,-8.3946,-17.7208
&svk-vingåker_ligacup,1,6,290,Sollentuna VK,5,Davyd Berezhnyi,False,6.5055,-9.0,3.2265,7.2078,4.7475,0.5696,0.9751,14.707,1.4935,16.9731,2.1375,-1.5859,-5.8963,-9.9726
&svk-vingåker_ligacup,1,7,311,Sollentuna VK,5,Davyd Berezhnyi,False,7.1922,-9.0,3.1301,4.798,5.1972,0.6296,0.8303,17.887,-0.9494,20.5456,1.4709,-4.6585,-8.3034,-10.7968
&svk-vingåker_ligacup,1,8,344,Vingĺkers VBK,14,Reed Venning,False,4.6656,-9.0,3.2589,6.0762,6.0325,0.6858,0.6095,25.407,3.3626,28.2413,1.6858,-3.4393,-11.7371,-19.3857
&svk-vingåker_ligacup,1,9,369,Sollentuna VK,20,Gustaf Lindén,False,7.4,-9.0,2.7554,7.4352,4.1902,0.6685,1.0209,13.443,0.983,15.8919,2.8232,-1.8582,-5.8223,-9.5352
&svk-vingåker_ligacup,1,10,396,Vingĺkers VBK,4,Andreas Brink,False,1.6893,-9.0,3.544,6.4692,4.6879,1.2484,1.0655,14.058,4.2907,14.0382,2.5661,0.3667,-2.2368,-8.861
&svk-vingåker_ligacup,1,11,429,Vingĺkers VBK,4,Andreas Brink,False,1.7499,-9.0,3.4603,4.9913,5.3604,1.1981,0.9806,15.41,3.8997,15.6745,2.081,-1.2119,-2.1014,-8.9493
&svk-vingåker_ligacup,1,12,453,Sollentuna VK,10,Axel Algulin,False,7.1644,-9.0,3.1336,5.7049,5.9563,0.5359,0.8611,18.107,-0.9372,21.3206,2.8244,-1.7602,-9.1773,-13.5673
&svk-vingåker_ligacup,1,13,475,Sollentuna VK,10,Axel Algulin,False,7.0051,-9.0,3.0017,4.9193,5.8688,0.9888,0.5969,25.68,-2.4697,30.8347,2.3965,-3.4332,-19.8518,-19.3288
&svk-vingåker_ligacup,1,14,498,Sollentuna VK,10,Axel Algulin,False,6.9911,-9.0,3.1847,3.223,3.8863,0.4557,1.0752,13.33,-3.2557,14.7288,3.8292,-0.4626,-5.1042,-11.8436
&svk-vingåker_ligacup,1,15,545,Vingĺkers VBK,7,Lorenz Rudolf,True,5.6668,-8.2188,3.1109,6.8479,4.74,1.3845,0.6167,21.439,2.3973,22.9511,1.3982,-1.5629,-6.2819,-13.6147
&svk-vingåker_ligacup,1,17,599,Sollentuna VK,2,Shawn Ogbeide,False,1.3718,-9.0,2.897,2.0589,5.2859,1.3998,0.9949,14.766,0.2418,16.124,3.562,0.9022,-3.5488,-10.185
&svk-vingåker_ligacup,1,18,623,Sollentuna VK,2,Shawn Ogbeide,True,1.6806,-8.6896,2.9542,3.1705,4.6593,0.6235,1.05,13.302,1.8571,14.2552,2.6075,-0.8346,-2.9371,-9.1949
&svk-vingåker_ligacup,1,19,656,Vingĺkers VBK,11,Jérémie Doyon,False,3.3417,-9.0,3.0452,3.5796,4.6574,1.0226,1.3566,10.799,-0.0613,11.4874,4.678,0.3489,-2.0938,-9.0946
&svk-vingåker_ligacup,1,21,708,Vingĺkers VBK,11,Jérémie Doyon,False,3.6092,-9.0,3.3238,2.0766,5.9941,0.4344,0.6342,24.48,-3.8121,26.0927,1.3763,4.4007,-7.7258,-18.7081
&svk-vingåker_ligacup,1,22,738,Sollentuna VK,16,Christian Hansson,False,7.0918,-9.0,3.1132,8.1588,5.6929,1.8954,0.9334,15.981,1.4666,18.5973,2.1489,-0.6931,-6.1183,-7.4005
&svk-vingåker_ligacup,1,23,782,Vingĺkers VBK,1,Kalle Bergström,False,0.5089,-9.0,2.9049,6.2839,5.1109,1.3975,0.9439,16.457,7.6135,15.932,2.8856,-3.1684,-2.0824,-9.4979
&svk-vingåker_ligacup,1,24,825,Sollentuna VK,9,Jakob Molin,False,5.888,-9.0,3.1363,4.9295,5.3459,1.001,0.9158,16.104,-0.0759,18.0182,1.9641,-2.1198,-5.1392,-9.3814
&svk-vingåker_ligacup,1,25,870,Vingĺkers VBK,9,Nezar Harouk,True,5.1031,-8.4865,3.3587,2.8651,5.9068,0.7664,0.5667,26.286,-3.7688,28.2034,0.2632,-0.6378,-9.8946,-17.0747
&svk-vingåker_ligacup,1,26,903,Vingĺkers VBK,9,Nezar Harouk,True,5.2776,-8.9071,3.3214,5.7957,6.237,0.8378,0.6,25.838,0.8305,28.0037,1.6556,0.1104,-9.2116,-19.316
&svk-vingåker_ligacup,1,27,942,Sollentuna VK,5,Davyd Berezhnyi,False,6.827,-9.0,3.2139,7.5781,5.5704,1.4508,0.8371,17.805,2.4067,20.2513,2.5337,-3.6061,-6.7999,-11.0851
&svk-vingåker_ligacup,1,29,992,Vingĺkers VBK,14,Reed Venning,True,5.4589,-8.0482,3.2333,4.9087,5.7626,0.9524,0.5333,26.48,-0.9691,28.9561,1.1128,-0.2343,-11.4788,-20.2112
&svk-vingåker_ligacup,1,30,1076,Vingĺkers VBK,14,Reed Venning,True,5.1289,-7.642,3.2499,6.7026,6.079,0.6314,0.5333,26.614,3.631,29.4361,0.8695,-2.5509,-13.9096,-21.6718
&svk-vingåker_ligacup,1,31,1101,Vingĺkers VBK,14,Reed Venning,True,5.2545,-8.1825,3.0989,6.6745,3.6089,1.2195,0.6667,18.287,2.5422,18.9314,2.2761,-1.2362,-3.7331,-15.2855
&svk-vingåker_ligacup,1,32,1145,Sollentuna VK,17,Marko Matic,False,7.5219,-9.0,2.7642,5.6656,5.2981,1.3459,0.9385,15.668,-2.1391,17.4813,2.9324,0.3436,-4.7882,-9.4692
&svk-vingåker_ligacup,1,33,1192,Vingĺkers VBK,4,Andreas Brink,False,1.9077,-9.0,3.5785,6.7045,5.2147,0.9327,1.0681,14.465,5.573,14.3491,1.4799,-2.026,-1.9485,-7.4095
&svk-vingåker_ligacup,1,34,1286,Sollentuna VK,10,Axel Algulin,False,7.4342,-9.0,2.7935,5.0856,5.8862,0.6884,0.947,16.578,-1.6368,19.6042,4.2264,-1.7811,-8.2041,-13.621
&svk-vingåker_ligacup,1,35,1314,Vingĺkers VBK,7,Lorenz Rudolf,True,5.9588,-8.6522,3.077,7.0069,5.0737,0.5406,0.9833,14.484,1.7789,15.3124,1.8431,-1.4505,-2.7535,-8.9951
&svk-vingåker_ligacup,1,36,1367,Vingĺkers VBK,11,Jérémie Doyon,False,3.4499,-9.0,3.1296,4.871,6.16,1.3912,0.7005,22.16,1.3885,24.0022,3.358,1.8276,-6.7416,-16.672
&svk-vingåker_ligacup,1,37,1409,Sollentuna VK,16,Christian Hansson,False,7.231,-9.0,3.1059,6.8763,4.8514,0.863,1.0341,13.878,-0.0552,16.6013,2.3461,-0.5567,-6.2015,-8.7324
&svk-vingåker_ligacup,1,38,1482,Sollentuna VK,16,Christian Hansson,False,7.4166,-9.0,2.919,6.2848,4.921,0.9138,0.9693,14.869,-0.3817,16.7052,2.8115,-1.6218,-4.8339,-10.0701
&svk-vingåker_ligacup,1,40,1543,Vingĺkers VBK,8,Mikhatzhan Mussutov,True,8.4614,-9.1764,2.7259,5.7679,5.8126,0.928,0.9833,15.799,-3.8073,16.6531,2.3345,2.1723,-2.868,-8.4669
&svk-vingåker_ligacup,2,41,1789,Vingĺkers VBK,11,Jérémie Doyon,False,3.4962,-9.0,2.9754,4.5696,6.4183,1.2613,0.6741,23.347,1.1001,26.583,3.2436,1.4606,-11.006,-17.169
&svk-vingåker_ligacup,2,42,1835,Vingĺkers VBK,11,Jérémie Doyon,False,3.4417,-9.0,2.8634,5.2769,5.391,2.3661,0.9423,15.623,2.0624,16.7368,3.9315,-0.2438,-3.1091,-9.4643
&svk-vingåker_ligacup,2,43,1885,Sollentuna VK,16,Christian Hansson,True,7.7934,-9.5677,3.0666,6.8984,3.6197,2.1114,0.85,15.74,-0.766,16.5051,2.5477,-0.675,-2.3307,-8.6386
&svk-vingåker_ligacup,2,44,1910,Vingĺkers VBK,1,Kalle Bergström,False,0.866,-9.8288,2.6864,6.1536,4.9242,1.1866,1.0,15.968,5.194,15.3858,3.0952,0.187,-1.2656,-9.19
&svk-vingåker_ligacup,2,45,1955,Vingĺkers VBK,9,Nezar Harouk,False,4.7947,-9.0,3.1754,3.3656,6.1978,1.106,0.6166,25.299,-1.2648,29.8361,2.7336,-3.4148,-16.8332,-19.7506
&svk-vingåker_ligacup,2,46,2007,Sollentuna VK,5,Davyd Berezhnyi,True,7.0519,-9.6089,3.246,7.8128,5.9902,1.208,0.9167,17.409,1.0013,18.4508,2.4966,-0.3738,-3.1278,-10.298
&svk-vingåker_ligacup,2,47,2044,Sollentuna VK,5,Davyd Berezhnyi,True,6.9862,-9.4625,3.1903,4.4364,5.5671,1.6578,0.9,17.247,-2.8371,17.887,3.0014,0.0089,-2.6386,-10.4538
&svk-vingåker_ligacup,2,48,2089,Sollentuna VK,20,Gustaf Lindén,True,7.7284,-9.0157,2.7858,3.0205,6.7297,1.5035,1.15,14.651,-5.1804,15.2891,3.9805,1.8896,-2.7782,-8.8619
&svk-vingåker_ligacup,2,49,2127,Vingĺkers VBK,4,Andreas Brink,False,1.4789,-10.0667,2.7971,4.8843,4.819,2.364,1.1167,13.947,3.1897,15.3168,4.2408,-0.2508,-3.5575,-8.2901
&svk-vingåker_ligacup,2,50,2163,Vingĺkers VBK,4,Andreas Brink,False,1.9501,-9.5961,3.0044,5.8171,4.4776,1.9889,0.9667,15.261,3.5423,15.9824,2.1599,0.9476,-2.945,-6.6422
&svk-vingåker_ligacup,2,51,2189,Vingĺkers VBK,4,Andreas Brink,False,1.5297,-9.97,2.9167,4.9675,4.9884,1.2881,0.9833,16.029,4.2111,16.6246,3.8438,-1.4542,-2.8732,-11.1864
&svk-vingåker_ligacup,2,52,2213,Sollentuna VK,10,Axel Algulin,True,5.2939,-7.8259,2.9649,4.7667,5.8218,0.6826,0.9667,14.807,-0.2281,15.8509,3.9622,-0.6565,-3.5847,-13.0824
&svk-vingåker_ligacup,2,53,2235,Sollentuna VK,10,Axel Algulin,True,4.9756,-8.6336,3.0999,2.4452,5.0194,0.5459,1.05,14.01,-2.5818,14.8047,4.2158,0.3273,-3.4321,-12.6633
&svk-vingåker_ligacup,2,54,2264,Sollentuna VK,10,Axel Algulin,True,5.5949,-7.8959,3.0688,4.3179,5.6495,0.9602,0.6167,22.56,-1.2426,24.4164,1.7901,-2.6861,-7.9487,-16.8954
&svk-vingåker_ligacup,2,55,2302,Sollentuna VK,10,Axel Algulin,True,5.1274,-8.6867,3.1081,2.9809,5.6398,0.5114,0.9,16.787,-2.3852,17.8503,3.4727,0.0004,-4.2933,-14.1288
&svk-vingåker_ligacup,2,56,2329,Sollentuna VK,10,Axel Algulin,True,5.2849,-8.788,3.1404,4.1545,5.0132,0.687,0.9833,14.785,-0.947,15.8463,3.8175,-0.412,-3.6838,-12.8389
&svk-vingåker_ligacup,2,57,2358,Vingĺkers VBK,7,Lorenz Rudolf,False,5.2651,-9.0,2.8478,5.0598,6.4289,0.9759,0.7465,21.105,0.1876,24.3531,3.0217,-1.2394,-9.8723,-14.814
&svk-vingåker_ligacup,2,58,2385,Sollentuna VK,2,Shawn Ogbeide,False,1.1857,-9.0,3.0545,1.6814,5.0832,1.4633,0.9813,14.661,0.9232,15.2954,2.5649,-0.8521,-1.923,-8.5328
&svk-vingåker_ligacup,2,59,2418,Vingĺkers VBK,11,Jérémie Doyon,False,3.3079,-9.0,3.0791,4.1815,5.753,0.8525,0.637,23.757,0.2313,27.1954,2.2887,3.5795,-12.6721,-18.1597
&svk-vingåker_ligacup,2,60,2448,Vingĺkers VBK,11,Jérémie Doyon,False,3.9964,-9.0,3.0371,6.0159,5.3549,1.0155,0.5599,26.37,3.0044,30.047,1.713,2.1517,-15.7495,-19.0159
&svk-vingåker_ligacup,2,61,2486,Sollentuna VK,16,Christian Hansson,True,7.7399,-8.4571,3.0791,6.6835,5.339,0.9598,0.8333,16.938,-0.2533,18.2692,0.8479,-2.4347,-4.1134,-8.1384
&svk-vingåker_ligacup,2,62,2512,Sollentuna VK,16,Christian Hansson,True,7.5933,-8.8556,3.1426,7.8937,5.5568,0.7406,1.0333,14.453,0.1432,16.0078,2.5687,0.2856,-3.9877,-9.4707
&svk-vingåker_ligacup,2,63,2599,Sollentuna VK,16,Christian Hansson,True,7.5941,-8.6945,3.1329,7.3957,4.6587,0.41,1.0,13.954,-0.0074,15.0016,2.2452,-0.3819,-3.2968,-9.936
&svk-vingåker_ligacup,2,64,2623,Vingĺkers VBK,1,Kalle Bergström,True,0.9427,-9.9546,2.5343,6.6808,5.181,1.2179,1.0,16.472,5.8077,16.2408,3.3877,-0.1392,-2.2104,-9.4083
&svk-vingåker_ligacup,2,65,2655,Vingĺkers VBK,1,Kalle Bergström,False,0.85,-9.7233,2.7489,5.4093,6.0202,1.2989,1.0667,15.691,4.7939,15.9323,3.5276,-0.9742,-2.1989,-9.163
&svk-vingåker_ligacup,2,66,2681,Sollentuna VK,9,Jakob Molin,True,6.5692,-9.3069,3.0928,4.7449,5.6408,1.299,1.0167,15.238,-3.0781,15.8878,3.4098,2.5253,-2.3316,-10.1787
&svk-vingåker_ligacup,2,67,2729,Vingĺkers VBK,9,Nezar Harouk,False,5.1835,-9.0,3.0377,3.5646,6.0263,0.7858,0.8402,18.611,-1.1346,22.0441,3.497,-1.8862,-9.9003,-14.7052
&svk-vingåker_ligacup,2,68,2763,Sollentuna VK,5,Davyd Berezhnyi,True,6.9965,-9.7566,3.4059,7.0552,5.2537,1.0163,1.0333,14.941,0.0404,15.6463,2.1218,0.0317,-2.1682,-8.5827
&svk-vingåker_ligacup,2,69,2789,Vingĺkers VBK,14,Reed Venning,False,3.8732,-9.0,3.0582,6.4581,5.8545,0.9057,0.5666,27.069,5.714,33.7109,0.616,-4.0667,-26.4568,-15.5823
&svk-vingåker_ligacup,2,70,2817,Sollentuna VK,20,Gustaf Lindén,True,7.9719,-8.4993,2.9851,5.1877,5.6666,1.0977,0.9833,15.111,-3.2801,15.8555,3.1705,0.9126,-2.9481,-10.3522
&svk-vingåker_ligacup,2,71,2841,Sollentuna VK,20,Gustaf Lindén,True,7.6736,-8.2963,3.0622,6.2925,4.3731,0.8245,1.2833,10.68,-0.4589,12.2046,4.0385,-0.962,-3.6349,-9.0111
&svk-vingåker_ligacup,2,72,2868,Vingĺkers VBK,4,Andreas Brink,False,1.6918,-9.8037,2.979,5.3378,5.747,1.7368,1.05,15.469,3.3323,15.8221,3.1597,0.2667,-1.9275,-8.2719
&svk-vingåker_ligacup,2,73,2913,Vingĺkers VBK,7,Lorenz Rudolf,False,5.4607,-9.0,2.8526,5.3911,6.1137,1.1219,0.7322,21.062,1.1399,24.4821,3.0694,-3.373,-10.4925,-14.8396
&svk-vingåker_ligacup,2,75,2978,Sollentuna VK,2,Shawn Ogbeide,False,0.8614,-9.0,3.0053,1.0752,4.8941,1.3466,1.0371,13.785,-0.3401,14.1931,3.2055,1.0536,-1.5342,-9.2665
&svk-vingåker_ligacup,2,76,3083,Sollentuna VK,16,Christian Hansson,True,7.4379,-10.1607,3.0595,7.1304,5.1283,0.7821,0.9833,15.986,0.072,16.7289,2.5651,-0.7823,-2.4015,-9.9277
&svk-vingåker_ligacup,2,77,3180,Vingĺkers VBK,5,Olle Fält,False,4.5085,-9.0,3.2176,2.6719,6.072,0.9097,0.9338,16.907,-1.4688,19.1677,3.9056,-1.0662,-6.4845,-13.6579
&svk-vingåker_ligacup,2,79,3298,Vingĺkers VBK,5,Olle Fält,False,4.3814,-9.0,3.2121,0.903,5.7416,0.9811,0.7447,20.923,-4.259,23.9235,3.0733,-1.1067,-11.0848,-16.3005
